{"stats":{"minecraft:killed":{"jujutsucraft:cursed_spirit_grade_35":1,"jujutsucraft:cursed_spirit_grade_33":1,"jujutsucraft:cursed_spirit_grade_318":1,"jujutsucraft:cursed_spirit_grade_314":1,"jujutsucraft:cursed_spirit_grade_317":2},"minecraft:mined":{"minecraft:grass":1,"minecraft:coarse_dirt":1,"minecraft:dead_bush":2},"minecraft:used":{"jujutsucraft:sword_okkotsu_yuta":3,"minecraft:coarse_dirt":1},"minecraft:picked_up":{"minecraft:stick":2,"minecraft:coarse_dirt":1,"automobility:automobile":1,"jujutsucraft:sword_okkotsu_yuta":1,"jujutsucraft:cursed_technique_changer":67,"minecraft:oak_sapling":1},"minecraft:dropped":{"jujutsucraft:cursed_technique_changer":64},"minecraft:custom":{"minecraft:time_since_rest":1412,"minecraft:crouch_one_cm":45,"minecraft:play_time":22230,"minecraft:sprint_one_cm":184583,"minecraft:walk_one_cm":188567,"minecraft:damage_taken":6341,"minecraft:deaths":22,"minecraft:sneak_time":12,"minecraft:mob_kills":7,"minecraft:drop":5,"minecraft:damage_dealt_resisted":1195,"minecraft:jump":294,"minecraft:damage_dealt":63,"minecraft:time_since_death":1379,"minecraft:total_world_time":22230,"minecraft:fall_one_cm":7373,"minecraft:fly_one_cm":137685,"minecraft:player_kills":9},"minecraft:killed_by":{"jujutsucraft:cursed_spirit_grade_17":2,"jujutsucraft:yoshino_junpei":3,"jujutsucraft:curse_user":1,"jujutsucraft:q":2,"jujutsucraft:cursed_spirit_grade_27":4,"minecraft:player":7,"jujutsucraft:panda_gorilla":2,"jujutsucraft:cursed_spirit_grade_315":1}},"DataVersion":3465}