{"stats":{"minecraft:killed":{"jujutsucraft:cursed_spirit_grade_33":8,"jujutsucraft:cursed_spirit_grade_314":3,"jujutsucraft:cursed_spirit_grade_35":2,"jujutsucraft:cursed_spirit_grade_315":2,"jujutsucraft:cursed_spirit_grade_317":2,"jujutsucraft:cursed_spirit_grade_318":1,"jujutsucraft:cursed_spirit_grade_316":1,"jujutsucraft:cursed_spirit_grade_34":2,"jujutsucraft:cursed_spirit_grade_319":1},"minecraft:mined":{"minecraft:coarse_dirt":1,"minecraft:grass":1,"minecraft:dead_bush":2},"minecraft:used":{"jujutsucraft:sword_okkotsu_yuta":3,"minecraft:coarse_dirt":1},"minecraft:picked_up":{"minecraft:stick":2,"minecraft:coarse_dirt":1,"jujutsucraft:cursed_technique_changer":67,"jujutsucraft:sword_okkotsu_yuta":1,"automobility:automobile":1,"minecraft:grass":1,"minecraft:oak_sapling":1},"minecraft:dropped":{"jujutsucraft:cursed_technique_changer":64},"minecraft:custom":{"minecraft:time_since_rest":206,"minecraft:damage_taken":9817,"minecraft:sprint_one_cm":338375,"minecraft:walk_one_cm":325432,"minecraft:mob_kills":24,"minecraft:drop":5,"minecraft:damage_dealt":416,"minecraft:fly_one_cm":266637,"minecraft:player_kills":9,"minecraft:crouch_one_cm":45,"minecraft:play_time":40230,"minecraft:deaths":35,"minecraft:sneak_time":12,"minecraft:jump":612,"minecraft:damage_dealt_resisted":2515,"minecraft:time_since_death":181,"minecraft:total_world_time":40230,"minecraft:fall_one_cm":19496},"minecraft:killed_by":{"jujutsucraft:yoshino_junpei":3,"jujutsucraft:cursed_spirit_grade_24":5,"jujutsucraft:q":2,"jujutsucraft:cursed_spirit_grade_35":1,"minecraft:player":7,"jujutsucraft:cursed_spirit_grade_314":1,"jujutsucraft:cursed_spirit_grade_315":1,"jujutsucraft:cursed_spirit_grade_17":2,"jujutsucraft:curse_user":1,"jujutsucraft:cursed_spirit_grade_34":1,"jujutsucraft:cursed_spirit_grade_33":1,"jujutsucraft:cursed_spirit_grade_32":2,"jujutsucraft:cursed_spirit_grade_27":4,"jujutsucraft:cursed_spirit_grade_23":1,"jujutsucraft:panda_gorilla":2}},"DataVersion":3465}