{"stats":{"minecraft:mined":{"minecraft:orange_terracotta":1,"minecraft:grass_block":2,"minecraft:dead_bush":6,"minecraft:red_terracotta":8,"minecraft:coarse_dirt":1,"minecraft:grass":4,"minecraft:oak_log":5,"minecraft:terracotta":17,"minecraft:stone":7},"minecraft:killed":{"jujutsucraft:cursed_spirit_grade_32":3,"jujutsucraft:cursed_spirit_grade_31":1,"jujutsucraft:cursed_spirit_grade_33":9,"jujutsucraft:earthen_insect_trance":1,"jujutsucraft:cursed_spirit_grade_35":4,"jujutsucraft:cursed_spirit_grade_318":2,"jujutsucraft:cursed_spirit_grade_316":1,"jujutsucraft:curse_user_1":1,"jujutsucraft:cursed_spirit_grade_314":7,"jujutsucraft:crow":1,"jujutsucraft:cursed_spirit_grade_311":1,"jujutsucraft:cursed_spirit_grade_315":5,"jujutsucraft:cursed_spirit_grade_317":7,"jujutsucraft:cursed_spirit_grade_38":1,"jujutsucraft:cursed_spirit_grade_34":3,"jujutsucraft:cursed_spirit_grade_319":2},"minecraft:used":{"minecraft:stone_sword":2,"minecraft:wooden_pickaxe":35,"minecraft:grass":1,"minecraft:terracotta":6,"minecraft:crafting_table":1,"jujutsucraft:sword_okkotsu_yuta":8,"minecraft:red_terracotta":8,"minecraft:coarse_dirt":1},"minecraft:picked_up":{"minecraft:coarse_dirt":1,"jujutsucraft:cursed_technique_changer":67,"minecraft:oak_log":5,"minecraft:dirt":2,"minecraft:orange_terracotta":1,"automobility:automobile":1,"minecraft:stick":2,"jujutsucraft:sword_okkotsu_yuta":1,"minecraft:red_terracotta":8,"minecraft:grass":1,"minecraft:terracotta":17,"minecraft:oak_sapling":2,"minecraft:cobblestone":7},"minecraft:dropped":{"jujutsucraft:cursed_technique_changer":64},"minecraft:custom":{"minecraft:mob_kills":60,"minecraft:interact_with_crafting_table":2,"minecraft:damage_dealt_resisted":5571,"minecraft:leave_game":1,"minecraft:time_since_death":26,"minecraft:damage_resisted":592,"minecraft:time_since_rest":56,"minecraft:sprint_one_cm":678497,"minecraft:damage_taken":19884,"minecraft:walk_one_cm":549378,"minecraft:drop":5,"minecraft:damage_dealt":630,"minecraft:fly_one_cm":453893,"minecraft:player_kills":13,"minecraft:crouch_one_cm":104,"minecraft:play_time":64122,"minecraft:deaths":69,"minecraft:sneak_time":35,"minecraft:jump":1123,"minecraft:total_world_time":64122,"minecraft:fall_one_cm":31936},"minecraft:crafted":{"minecraft:oak_planks":20,"minecraft:crafting_table":1,"minecraft:wooden_pickaxe":1,"minecraft:stick":8,"minecraft:stone_sword":1},"minecraft:killed_by":{"jujutsucraft:zenin_maki":1,"jujutsucraft:cursed_spirit_grade_24":5,"jujutsucraft:cursed_spirit_grade_35":1,"jujutsucraft:cursed_spirit_grade_311":1,"minecraft:player":11,"jujutsucraft:cursed_spirit_grade_17":2,"jujutsucraft:charles_bernard":2,"jujutsucraft:higuruma_hiromi":1,"jujutsucraft:uraume":2,"jujutsucraft:cursed_spirit_grade_33":1,"jujutsucraft:cursed_spirit_grade_22":2,"jujutsucraft:panda_gorilla":3,"jujutsucraft:curse_user_1":9,"jujutsucraft:yoshino_junpei":5,"jujutsucraft:q":4,"jujutsucraft:shigemo_haruta":1,"jujutsucraft:cursed_spirit_grade_314":1,"jujutsucraft:cursed_spirit_grade_317":1,"jujutsucraft:cursed_spirit_grade_315":1,"jujutsucraft:cursed_spirit_grade_04":1,"jujutsucraft:curse_user":1,"jujutsucraft:cursed_spirit_grade_34":2,"jujutsucraft:cursed_spirit_grade_32":3,"jujutsucraft:cursed_spirit_grade_27":4,"jujutsucraft:cursed_spirit_grade_23":2,"jujutsucraft:jujutsu_sorcerer":1}},"DataVersion":3465}