{"stats":{"minecraft:mined":{"minecraft:coarse_dirt":1},"minecraft:used":{"minecraft:coarse_dirt":1},"minecraft:picked_up":{"jujutsucraft:cursed_technique_changer":67,"minecraft:coarse_dirt":1,"automobility:automobile":1},"minecraft:dropped":{"jujutsucraft:cursed_technique_changer":64},"minecraft:custom":{"minecraft:jump":137,"minecraft:time_since_rest":955,"minecraft:crouch_one_cm":27,"minecraft:deaths":4,"minecraft:sprint_one_cm":87671,"minecraft:play_time":10230,"minecraft:damage_taken":1392,"minecraft:time_since_death":925,"minecraft:walk_one_cm":74609,"minecraft:sneak_time":7,"minecraft:total_world_time":10230,"minecraft:drop":5,"minecraft:fall_one_cm":3827,"minecraft:fly_one_cm":65110,"minecraft:player_kills":7,"minecraft:damage_dealt_resisted":351},"minecraft:killed_by":{"minecraft:player":4}},"DataVersion":3465}