{"stats":{"minecraft:mined":{"minecraft:red_terracotta":8,"minecraft:coarse_dirt":1,"minecraft:orange_terracotta":1,"minecraft:grass":1,"minecraft:grass_block":2,"minecraft:oak_log":5,"minecraft:dead_bush":2,"minecraft:terracotta":7},"minecraft:killed":{"jujutsucraft:cursed_spirit_grade_32":2,"jujutsucraft:cursed_spirit_grade_33":9,"jujutsucraft:cursed_spirit_grade_314":3,"jujutsucraft:crow":1,"jujutsucraft:cursed_spirit_grade_311":1,"jujutsucraft:cursed_spirit_grade_35":3,"jujutsucraft:cursed_spirit_grade_317":3,"jujutsucraft:cursed_spirit_grade_318":1,"jujutsucraft:cursed_spirit_grade_315":2,"jujutsucraft:curse_user_1":1,"jujutsucraft:cursed_spirit_grade_316":1,"jujutsucraft:cursed_spirit_grade_34":2,"jujutsucraft:cursed_spirit_grade_319":1},"minecraft:used":{"jujutsucraft:sword_okkotsu_yuta":3,"minecraft:wooden_pickaxe":18,"minecraft:grass":1,"minecraft:crafting_table":1,"minecraft:coarse_dirt":1},"minecraft:picked_up":{"minecraft:stick":2,"minecraft:coarse_dirt":1,"jujutsucraft:cursed_technique_changer":67,"jujutsucraft:sword_okkotsu_yuta":1,"minecraft:oak_log":5,"minecraft:red_terracotta":8,"minecraft:dirt":2,"minecraft:orange_terracotta":1,"automobility:automobile":1,"minecraft:grass":1,"minecraft:terracotta":7,"minecraft:oak_sapling":2},"minecraft:dropped":{"jujutsucraft:cursed_technique_changer":64},"minecraft:custom":{"minecraft:time_since_rest":2236,"minecraft:damage_taken":14405,"minecraft:sprint_one_cm":505465,"minecraft:walk_one_cm":428757,"minecraft:mob_kills":34,"minecraft:drop":5,"minecraft:damage_dealt":570,"minecraft:interact_with_crafting_table":1,"minecraft:fly_one_cm":365834,"minecraft:player_kills":10,"minecraft:crouch_one_cm":45,"minecraft:play_time":52122,"minecraft:deaths":52,"minecraft:sneak_time":12,"minecraft:damage_dealt_resisted":3249,"minecraft:jump":835,"minecraft:leave_game":1,"minecraft:time_since_death":2207,"minecraft:total_world_time":52122,"minecraft:fall_one_cm":24799},"minecraft:crafted":{"minecraft:oak_planks":20,"minecraft:crafting_table":1,"minecraft:stick":4,"minecraft:wooden_pickaxe":1},"minecraft:killed_by":{"jujutsucraft:curse_user_1":8,"jujutsucraft:yoshino_junpei":4,"jujutsucraft:cursed_spirit_grade_24":5,"jujutsucraft:q":2,"jujutsucraft:cursed_spirit_grade_35":1,"jujutsucraft:cursed_spirit_grade_311":1,"minecraft:player":8,"jujutsucraft:cursed_spirit_grade_314":1,"jujutsucraft:cursed_spirit_grade_315":1,"jujutsucraft:cursed_spirit_grade_17":2,"jujutsucraft:charles_bernard":2,"jujutsucraft:curse_user":1,"jujutsucraft:cursed_spirit_grade_33":1,"jujutsucraft:cursed_spirit_grade_32":3,"jujutsucraft:cursed_spirit_grade_34":2,"jujutsucraft:cursed_spirit_grade_27":4,"jujutsucraft:cursed_spirit_grade_23":2,"jujutsucraft:panda_gorilla":2,"jujutsucraft:jujutsu_sorcerer":1}},"DataVersion":3465}