{"stats":{"minecraft:picked_up":{"minecraft:dirt":4},"minecraft:killed_by":{"jujutsucraft:cursed_spirit_grade_311":1},"minecraft:used":{"jujutsucraft:clothes_hakari_kinji_boots":1,"jujutsucraft:clothes_hakari_kinji_helmet":1,"jujutsucraft:uniform_normal_boots":1,"jujutsucraft:clothes_hakari_kinji_chestplate":1,"jujutsucraft:uniform_normal_chestplate":1,"jujutsucraft:uniform_normal_leggings":1},"minecraft:custom":{"minecraft:jump":9,"minecraft:time_since_rest":1669,"minecraft:damage_dealt":36,"minecraft:deaths":1,"minecraft:damage_taken":244,"minecraft:sprint_one_cm":5610,"minecraft:play_time":7036,"minecraft:time_since_death":1580,"minecraft:walk_one_cm":25354,"minecraft:total_world_time":7036,"minecraft:fall_one_cm":1081,"minecraft:fly_one_cm":3069}},"DataVersion":3465}