{"stats":{"minecraft:killed":{"jujutsucraft:cursed_spirit_grade_36":1,"jujutsucraft:cursed_spirit_grade_33":1,"jujutsucraft:cursed_spirit_grade_314":2,"jujutsucraft:cursed_spirit_grade_319":1,"jujutsucraft:cursed_spirit_grade_311":1},"minecraft:picked_up":{"minecraft:dirt":4},"minecraft:killed_by":{"jujutsucraft:curse_user":1,"jujutsucraft:tiger_funeral":1,"jujutsucraft:cursed_spirit_grade_311":3,"jujutsucraft:cursed_spirit_grade_212":2,"jujutsucraft:divine_dog_white":1},"minecraft:mined":{"minecraft:gray_stained_glass":4},"minecraft:dropped":{"minecraft:dirt":1},"minecraft:used":{"jujutsucraft:clothes_hakari_kinji_helmet":1,"jujutsucraft:uniform_normal_leggings":1,"jujutsucraft:clothes_hakari_kinji_boots":1,"jujutsucraft:uniform_normal_boots":1,"jujutsucraft:clothes_hakari_kinji_chestplate":1,"jujutsucraft:uniform_normal_chestplate":1},"minecraft:custom":{"minecraft:open_chest":1,"minecraft:time_since_rest":1313,"minecraft:crouch_one_cm":44,"minecraft:play_time":19036,"minecraft:sprint_one_cm":124195,"minecraft:walk_one_cm":169209,"minecraft:damage_taken":2707,"minecraft:deaths":8,"minecraft:sneak_time":30,"minecraft:walk_under_water_one_cm":1838,"minecraft:mob_kills":6,"minecraft:drop":1,"minecraft:damage_dealt_resisted":1033,"minecraft:jump":189,"minecraft:damage_dealt":141,"minecraft:walk_on_water_one_cm":13914,"minecraft:time_since_death":1284,"minecraft:total_world_time":19036,"minecraft:swim_one_cm":121,"minecraft:fly_one_cm":83651,"minecraft:fall_one_cm":7018,"minecraft:player_kills":2}},"DataVersion":3465}