{"stats":{"minecraft:killed":{"jujutsucraft:cursed_spirit_grade_36":1,"jujutsucraft:cursed_spirit_grade_33":1,"jujutsucraft:cursed_spirit_grade_314":3,"jujutsucraft:cursed_spirit_grade_34":1,"jujutsucraft:cursed_spirit_grade_319":1,"jujutsucraft:cursed_spirit_grade_311":1},"minecraft:picked_up":{"minecraft:dirt":5},"minecraft:killed_by":{"jujutsucraft:curse_user":1,"jujutsucraft:tiger_funeral":1,"jujutsucraft:cursed_spirit_grade_311":3,"minecraft:player":1,"jujutsucraft:cursed_spirit_grade_212":2,"jujutsucraft:divine_dog_white":1,"jujutsucraft:divine_dog_black":1,"jujutsucraft:jujutsu_sorcerer":1},"minecraft:mined":{"minecraft:gray_stained_glass":4},"minecraft:dropped":{"minecraft:dirt":2},"minecraft:used":{"jujutsucraft:clothes_hakari_kinji_helmet":1,"jujutsucraft:uniform_normal_leggings":1,"jujutsucraft:clothes_hakari_kinji_boots":1,"jujutsucraft:uniform_normal_boots":1,"jujutsucraft:clothes_hakari_kinji_chestplate":1,"jujutsucraft:uniform_normal_chestplate":1},"minecraft:custom":{"minecraft:open_chest":1,"minecraft:time_since_rest":8832,"minecraft:crouch_one_cm":44,"minecraft:play_time":31036,"minecraft:sprint_one_cm":169546,"minecraft:walk_one_cm":229886,"minecraft:damage_taken":3736,"minecraft:deaths":11,"minecraft:sneak_time":30,"minecraft:walk_under_water_one_cm":1838,"minecraft:mob_kills":8,"minecraft:drop":2,"minecraft:damage_dealt_resisted":1269,"minecraft:jump":245,"minecraft:damage_dealt":164,"minecraft:walk_on_water_one_cm":14111,"minecraft:time_since_death":8801,"minecraft:climb_one_cm":252,"minecraft:total_world_time":31036,"minecraft:swim_one_cm":121,"minecraft:fly_one_cm":114091,"minecraft:fall_one_cm":10887,"minecraft:player_kills":2}},"DataVersion":3465}