{"stats":{"minecraft:mined":{"minecraft:orange_terracotta":1,"minecraft:grass_block":2,"minecraft:dead_bush":11,"minecraft:seagrass":1,"minecraft:tall_seagrass":1,"minecraft:red_terracotta":8,"minecraft:coarse_dirt":1,"minecraft:grass":7,"minecraft:oak_log":5,"minecraft:terracotta":17,"minecraft:stone":7},"minecraft:killed":{"jujutsucraft:mimiko":3,"jujutsucraft:cursed_spirit_grade_32":21,"jujutsucraft:cursed_spirit_grade_210":1,"jujutsucraft:cursed_spirit_grade_31":2,"jujutsucraft:cursed_spirit_grade_33":25,"jujutsucraft:kukuru":3,"jujutsucraft:nanako":1,"jujutsucraft:jujutsu_sorcerer":1,"jujutsucraft:nishimiya_momo":1,"jujutsucraft:doll_1":1,"jujutsucraft:cursed_spirit_grade_24":1,"minecraft:salmon":2,"jujutsucraft:earthen_insect_trance":1,"jujutsucraft:cursed_spirit_grade_37":2,"jujutsucraft:cursed_spirit_grade_35":9,"jujutsucraft:yoshino_junpei":1,"jujutsucraft:cursed_spirit_grade_211":2,"jujutsucraft:cursed_spirit_grade_318":20,"jujutsucraft:cursed_spirit_grade_316":5,"jujutsucraft:curse_user_1":7,"jujutsucraft:kumiya_juzo":2,"jujutsucraft:transfigured_human_2":1,"minecraft:sheep":2,"jujutsucraft:cursed_spirit_grade_29":1,"jujutsucraft:cursed_spirit_grade_39":4,"jujutsucraft:shigemo_haruta":1,"jujutsucraft:cursed_spirit_grade_312":1,"jujutsucraft:cursed_spirit_grade_313":2,"jujutsucraft:cursed_spirit_grade_314":32,"jujutsucraft:crow":1,"jujutsucraft:cursed_spirit_grade_311":6,"jujutsucraft:cursed_spirit_grade_310":1,"jujutsucraft:cursed_spirit_grade_16":1,"jujutsucraft:cursed_spirit_grade_36":13,"jujutsucraft:cursed_spirit_grade_25":1,"jujutsucraft:cursed_spirit_grade_23":3,"jujutsucraft:cursed_spirit_grade_110":1,"jujutsucraft:cursed_spirit_grade_315":16,"jujutsucraft:cursed_spirit_grade_317":35,"jujutsucraft:cockroach_larva":2,"jujutsucraft:cursed_spirit_grade_38":3,"jujutsucraft:cursed_spirit_grade_34":16,"jujutsucraft:cursed_spirit_grade_319":11,"jujutsucraft:transfigured_human_1":2,"jujutsucraft:q":1},"minecraft:used":{"minecraft:stone_sword":2,"minecraft:wooden_pickaxe":35,"minecraft:grass":1,"minecraft:dirt":2,"minecraft:terracotta":17,"minecraft:crafting_table":1,"jujutsucraft:sword_okkotsu_yuta":11,"minecraft:red_terracotta":8,"jujutsucraft:sword_of_extermination":6,"jujutsucraft:naginata":7,"minecraft:cobblestone":2,"minecraft:coarse_dirt":1},"minecraft:picked_up":{"minecraft:coarse_dirt":1,"jujutsucraft:cursed_technique_changer":67,"minecraft:oak_log":5,"minecraft:dirt":2,"minecraft:orange_terracotta":1,"automobility:automobile":1,"minecraft:stick":7,"minecraft:torch":1,"minecraft:oak_pressure_plate":1,"jujutsucraft:sword_okkotsu_yuta":1,"minecraft:red_terracotta":8,"jujutsucraft:naginata":1,"minecraft:grass":1,"minecraft:terracotta":17,"minecraft:oak_sapling":5,"minecraft:mutton":3,"minecraft:white_wool":2,"minecraft:cobblestone":7},"minecraft:dropped":{"jujutsucraft:cursed_technique_changer":64,"minecraft:oak_sapling":5},"minecraft:custom":{"minecraft:mob_kills":306,"minecraft:open_barrel":10,"minecraft:interact_with_crafting_table":2,"minecraft:damage_dealt_resisted":51858,"minecraft:leave_game":1,"minecraft:time_since_death":10422,"minecraft:damage_resisted":15965,"minecraft:time_since_rest":11595,"minecraft:sprint_one_cm":2318830,"minecraft:damage_taken":45744,"minecraft:walk_one_cm":1533709,"minecraft:drop":10,"minecraft:damage_dealt":2128,"minecraft:damage_dealt_absorbed":447,"minecraft:talked_to_villager":2,"minecraft:swim_one_cm":132576,"minecraft:fly_one_cm":1547818,"minecraft:player_kills":22,"minecraft:open_chest":38,"minecraft:crouch_one_cm":380,"minecraft:play_time":160122,"minecraft:deaths":129,"minecraft:sneak_time":779,"minecraft:walk_under_water_one_cm":52744,"minecraft:jump":3179,"minecraft:walk_on_water_one_cm":28144,"minecraft:total_world_time":160122,"minecraft:fall_one_cm":118624},"minecraft:crafted":{"minecraft:oak_planks":20,"minecraft:crafting_table":1,"minecraft:wooden_pickaxe":1,"minecraft:stick":8,"minecraft:stone_sword":1},"minecraft:killed_by":{"jujutsucraft:zenin_maki":1,"jujutsucraft:cursed_spirit_grade_25":1,"jujutsucraft:cursed_spirit_grade_24":8,"jujutsucraft:itadori_yuji":1,"jujutsucraft:cursed_spirit_grade_35":2,"jujutsucraft:cursed_spirit_grade_311":1,"minecraft:player":19,"jujutsucraft:inumaki_toge":1,"jujutsucraft:cursed_spirit_grade_14":1,"jujutsucraft:nishimiya_momo":1,"jujutsucraft:cursed_spirit_grade_17":2,"jujutsucraft:charles_bernard":2,"jujutsucraft:higuruma_hiromi":1,"jujutsucraft:hakari_kinji":1,"jujutsucraft:uraume":4,"jujutsucraft:cursed_spirit_grade_33":1,"jujutsucraft:cursed_spirit_grade_22":5,"jujutsucraft:panda_gorilla":3,"jujutsucraft:cursed_spirit_grade_211":1,"jujutsucraft:cursed_spirit_grade_110":8,"jujutsucraft:curse_user_1":15,"jujutsucraft:yoshino_junpei":12,"jujutsucraft:q":5,"jujutsucraft:shigemo_haruta":2,"jujutsucraft:cursed_spirit_grade_314":1,"jujutsucraft:cursed_spirit_grade_317":2,"jujutsucraft:cursed_spirit_grade_315":1,"jujutsucraft:nobara_kugisaki":1,"jujutsucraft:cursed_spirit_grade_06":1,"jujutsucraft:cursed_spirit_grade_04":1,"jujutsucraft:curse_user":1,"jujutsucraft:cursed_spirit_grade_34":2,"jujutsucraft:cursed_spirit_grade_32":3,"jujutsucraft:cursed_spirit_grade_27":5,"jujutsucraft:cursed_spirit_grade_23":2,"jujutsucraft:rozetsu":1,"jujutsucraft:cursed_spirit_grade_212":1,"jujutsucraft:jujutsu_sorcerer":1}},"DataVersion":3465}