{"stats":{"minecraft:mined":{"minecraft:orange_terracotta":1,"minecraft:grass_block":2,"minecraft:dead_bush":9,"minecraft:seagrass":1,"minecraft:tall_seagrass":1,"minecraft:red_terracotta":8,"minecraft:coarse_dirt":1,"minecraft:grass":6,"minecraft:oak_log":5,"minecraft:terracotta":17,"minecraft:stone":7},"minecraft:killed":{"jujutsucraft:mimiko":1,"jujutsucraft:cursed_spirit_grade_32":10,"jujutsucraft:cursed_spirit_grade_31":2,"jujutsucraft:cursed_spirit_grade_33":14,"jujutsucraft:kukuru":1,"jujutsucraft:nishimiya_momo":1,"jujutsucraft:doll_1":1,"minecraft:salmon":2,"jujutsucraft:earthen_insect_trance":1,"jujutsucraft:cursed_spirit_grade_37":2,"jujutsucraft:cursed_spirit_grade_35":5,"jujutsucraft:yoshino_junpei":1,"jujutsucraft:cursed_spirit_grade_211":1,"jujutsucraft:cursed_spirit_grade_318":7,"jujutsucraft:cursed_spirit_grade_316":4,"jujutsucraft:curse_user_1":3,"jujutsucraft:transfigured_human_2":1,"jujutsucraft:cursed_spirit_grade_39":1,"jujutsucraft:shigemo_haruta":1,"jujutsucraft:cursed_spirit_grade_314":20,"jujutsucraft:crow":1,"jujutsucraft:cursed_spirit_grade_311":2,"jujutsucraft:cursed_spirit_grade_36":2,"jujutsucraft:cursed_spirit_grade_23":1,"jujutsucraft:cursed_spirit_grade_315":6,"jujutsucraft:cursed_spirit_grade_317":18,"jujutsucraft:cockroach_larva":2,"jujutsucraft:cursed_spirit_grade_38":3,"jujutsucraft:cursed_spirit_grade_34":8,"jujutsucraft:cursed_spirit_grade_319":7,"jujutsucraft:transfigured_human_1":2},"minecraft:used":{"minecraft:stone_sword":2,"minecraft:wooden_pickaxe":35,"minecraft:grass":1,"minecraft:dirt":2,"minecraft:terracotta":17,"minecraft:crafting_table":1,"jujutsucraft:sword_okkotsu_yuta":11,"minecraft:red_terracotta":8,"jujutsucraft:naginata":4,"minecraft:cobblestone":2,"minecraft:coarse_dirt":1},"minecraft:picked_up":{"minecraft:coarse_dirt":1,"jujutsucraft:cursed_technique_changer":67,"minecraft:oak_log":5,"minecraft:dirt":2,"minecraft:orange_terracotta":1,"automobility:automobile":1,"minecraft:stick":7,"jujutsucraft:sword_okkotsu_yuta":1,"minecraft:red_terracotta":8,"jujutsucraft:naginata":1,"minecraft:grass":1,"minecraft:terracotta":17,"minecraft:oak_sapling":5,"minecraft:cobblestone":7},"minecraft:dropped":{"jujutsucraft:cursed_technique_changer":64,"minecraft:oak_sapling":5},"minecraft:custom":{"minecraft:mob_kills":164,"minecraft:interact_with_crafting_table":2,"minecraft:damage_dealt_resisted":21285,"minecraft:leave_game":1,"minecraft:time_since_death":780,"minecraft:damage_resisted":10683,"minecraft:time_since_rest":810,"minecraft:sprint_one_cm":1726814,"minecraft:damage_taken":40980,"minecraft:walk_one_cm":1219885,"minecraft:drop":10,"minecraft:damage_dealt":918,"minecraft:swim_one_cm":70413,"minecraft:fly_one_cm":1145650,"minecraft:player_kills":21,"minecraft:open_chest":1,"minecraft:crouch_one_cm":201,"minecraft:play_time":130122,"minecraft:deaths":121,"minecraft:sneak_time":623,"minecraft:walk_under_water_one_cm":39537,"minecraft:jump":2366,"minecraft:walk_on_water_one_cm":7776,"minecraft:total_world_time":130122,"minecraft:fall_one_cm":90340},"minecraft:crafted":{"minecraft:oak_planks":20,"minecraft:crafting_table":1,"minecraft:wooden_pickaxe":1,"minecraft:stick":8,"minecraft:stone_sword":1},"minecraft:killed_by":{"jujutsucraft:zenin_maki":1,"jujutsucraft:cursed_spirit_grade_24":8,"jujutsucraft:itadori_yuji":1,"jujutsucraft:cursed_spirit_grade_35":2,"jujutsucraft:cursed_spirit_grade_311":1,"minecraft:player":18,"jujutsucraft:inumaki_toge":1,"jujutsucraft:cursed_spirit_grade_14":1,"jujutsucraft:nishimiya_momo":1,"jujutsucraft:cursed_spirit_grade_17":2,"jujutsucraft:charles_bernard":2,"jujutsucraft:higuruma_hiromi":1,"jujutsucraft:hakari_kinji":1,"jujutsucraft:uraume":4,"jujutsucraft:cursed_spirit_grade_33":1,"jujutsucraft:cursed_spirit_grade_22":5,"jujutsucraft:panda_gorilla":3,"jujutsucraft:cursed_spirit_grade_110":8,"jujutsucraft:curse_user_1":15,"jujutsucraft:yoshino_junpei":12,"jujutsucraft:q":5,"jujutsucraft:shigemo_haruta":2,"jujutsucraft:cursed_spirit_grade_314":1,"jujutsucraft:cursed_spirit_grade_317":2,"jujutsucraft:cursed_spirit_grade_315":1,"jujutsucraft:nobara_kugisaki":1,"jujutsucraft:cursed_spirit_grade_04":1,"jujutsucraft:curse_user":1,"jujutsucraft:cursed_spirit_grade_34":2,"jujutsucraft:cursed_spirit_grade_32":3,"jujutsucraft:cursed_spirit_grade_27":4,"jujutsucraft:cursed_spirit_grade_23":2,"jujutsucraft:cursed_spirit_grade_212":1,"jujutsucraft:jujutsu_sorcerer":1}},"DataVersion":3465}