{"stats":{"minecraft:picked_up":{"minecraft:coarse_dirt":7,"minecraft:crafting_table":9,"jujutsucraft:slaughter_demon":1,"jujutsucraft:uniform_normal_boots":3,"jujutsucraft:cursed_technique_changer":3,"minecraft:raw_copper":5,"automobility:automobile":1,"minecraft:sugar_cane":14,"minecraft:furnace":1,"minecraft:stick":80,"minecraft:raw_iron":13,"jujutsucraft:playful_cloud":3,"jujutsucraft:item_master_simple_domain":1,"minecraft:diorite":3,"automobility:automobile_frame":1,"jujutsucraft:naginata":1,"minecraft:gold_ingot":1,"minecraft:mutton":5,"minecraft:obsidian":5,"minecraft:white_wool":3,"minecraft:cobblestone":477,"jujutsucraft:recommendation_2":1,"jujutsucraft:uniform_gojo_boots":5,"jujutsucraft:g_staff":1,"minecraft:andesite":57,"minecraft:flint":4,"jujutsucraft:item_master_physical_gifted":1,"minecraft:oak_log":44,"minecraft:dirt":8,"minecraft:orange_terracotta":11,"automobility:automobile_wheel":4,"minecraft:apple":2,"minecraft:wheat_seeds":1,"jujutsucraft:sword_miwa_kasumi":1,"minecraft:oak_planks":6,"jujutsucraft:dragon_bone":2,"minecraft:pumpkin":1,"minecraft:stone_brick_slab":1,"minecraft:sand":2,"minecraft:gravel":14,"automobility:automobile_engine":1,"minecraft:cyan_bed":1,"minecraft:crying_obsidian":2,"minecraft:red_terracotta":49,"minecraft:light_gray_terracotta":6,"minecraft:diamond":8,"jujutsucraft:uniform_q_chestplate":2,"minecraft:granite":42,"minecraft:terracotta":37,"minecraft:oak_sapling":16,"minecraft:netherrack":4,"minecraft:coal":16,"minecraft:oak_leaves":2},"minecraft:dropped":{"minecraft:wheat_seeds":1,"vs_eureka:balloon":2,"minecraft:cobblestone":2,"minecraft:apple":2,"minecraft:granite":42,"automobility:automobile_frame":1,"jujutsucraft:slaughter_demon":1,"minecraft:diorite":3,"jujutsucraft:uniform_q_chestplate":1,"automobility:automobile_engine":1,"jujutsucraft:uniform_gojo_boots":5,"minecraft:sugar_cane":1,"jujutsucraft:sword_miwa_kasumi":1,"minecraft:coarse_dirt":4,"minecraft:stone_sword":1,"jujutsucraft:playful_cloud":2,"minecraft:light_gray_terracotta":6,"minecraft:red_terracotta":49,"minecraft:orange_terracotta":11,"minecraft:andesite":57,"minecraft:oak_sapling":16,"minecraft:stone_pickaxe":1,"automobility:automobile_wheel":4,"jujutsucraft:uniform_normal_boots":3,"minecraft:oak_leaves":2,"minecraft:netherrack":4,"minecraft:terracotta":37},"minecraft:crafted":{"minecraft:oak_planks":88,"minecraft:furnace":1,"minecraft:flint_and_steel":1,"minecraft:stone_pickaxe":7,"minecraft:diamond_boots":1,"minecraft:sugar":4,"minecraft:crafting_table":4,"minecraft:wooden_pickaxe":1,"vs_eureka:balloon":2,"minecraft:stone_axe":1,"minecraft:oak_boat":2,"minecraft:paper":6,"minecraft:diamond_pickaxe":1,"minecraft:stick":8,"minecraft:iron_ingot":12,"minecraft:iron_pickaxe":1,"minecraft:stone_sword":1},"minecraft:broken":{"minecraft:wooden_pickaxe":1,"minecraft:stone_pickaxe":5,"minecraft:diamond_boots":1},"minecraft:mined":{"minecraft:yellow_terracotta":1,"minecraft:diamond_ore":8,"minecraft:crying_obsidian":3,"minecraft:obsidian":5,"minecraft:granite":14,"minecraft:red_sand":1,"minecraft:grass_block":3,"minecraft:crimson_roots":7,"minecraft:furnace":1,"minecraft:nether_sprouts":1,"minecraft:iron_ore":13,"minecraft:fire":1,"minecraft:andesite":24,"minecraft:pumpkin":1,"minecraft:stone":495,"minecraft:basalt":1,"minecraft:orange_terracotta":13,"minecraft:stone_brick_slab":1,"minecraft:crafting_table":10,"minecraft:light_gray_terracotta":3,"minecraft:warped_roots":8,"minecraft:dead_bush":182,"minecraft:copper_ore":1,"minecraft:cobblestone":70,"minecraft:cyan_bed":1,"minecraft:lapis_ore":2,"minecraft:oak_planks":6,"minecraft:sugar_cane":8,"minecraft:diorite":14,"minecraft:warped_wart_block":2,"minecraft:white_terracotta":2,"minecraft:red_terracotta":28,"minecraft:coarse_dirt":3,"minecraft:grass":32,"minecraft:coal_ore":16,"minecraft:oak_log":44,"minecraft:sand":4,"minecraft:gravel":18,"minecraft:dirt":5,"minecraft:brown_terracotta":2,"minecraft:terracotta":37,"minecraft:netherrack":4,"minecraft:oak_leaves":22,"minecraft:deepslate":5},"minecraft:custom":{"minecraft:mob_kills":611,"minecraft:interact_with_crafting_table":19,"minecraft:damage_dealt_resisted":160529,"minecraft:leave_game":9,"minecraft:time_since_death":494,"minecraft:climb_one_cm":64,"minecraft:damage_resisted":59766,"minecraft:sprint_one_cm":3633855,"minecraft:walk_one_cm":2184990,"minecraft:drop":44,"minecraft:play_time":312964,"minecraft:deaths":159,"minecraft:sneak_time":1228,"minecraft:walk_under_water_one_cm":26506,"minecraft:jump":9193,"minecraft:walk_on_water_one_cm":34828,"minecraft:total_world_time":312964,"minecraft:interact_with_furnace":6,"minecraft:time_since_rest":522,"minecraft:damage_taken":70660,"minecraft:damage_dealt":1172,"minecraft:swim_one_cm":41100,"minecraft:player_kills":26,"minecraft:fly_one_cm":5295813,"minecraft:open_chest":13,"minecraft:crouch_one_cm":4395,"minecraft:fall_one_cm":484911},"minecraft:killed":{"jujutsucraft:mimiko":3,"jujutsucraft:cursed_spirit_grade_32":38,"jujutsucraft:transfigured_human_3":2,"jujutsucraft:cursed_spirit_grade_31":8,"jujutsucraft:cursed_spirit_grade_33":31,"jujutsucraft:stevenson_screen":3,"jujutsucraft:charles_bernard":1,"jujutsucraft:nanako":3,"jujutsucraft:cursed_spirit_grade_11":1,"jujutsucraft:cursed_spirit_grade_24":1,"jujutsucraft:cursed_spirit_grade_37":1,"jujutsucraft:cursed_spirit_grade_35":7,"jujutsucraft:yoshino_junpei":3,"jujutsucraft:cursed_spirit_grade_318":27,"jujutsucraft:cursed_spirit_grade_316":11,"jujutsucraft:kumiya_juzo":3,"jujutsucraft:transfigured_human_2":3,"jujutsucraft:miwa_kasumi":4,"jujutsucraft:cursed_spirit_grade_39":58,"jujutsucraft:shigemo_haruta":1,"jujutsucraft:cursed_spirit_grade_312":11,"jujutsucraft:cursed_spirit_grade_313":9,"jujutsucraft:cursed_spirit_grade_15":1,"jujutsucraft:cursed_spirit_grade_19":1,"jujutsucraft:cursed_spirit_grade_16":2,"jujutsucraft:panda_normal":1,"jujutsucraft:rozetsu_shikigami":2,"jujutsucraft:cursed_spirit_grade_23":4,"jujutsucraft:cursed_spirit_grade_317":24,"jujutsucraft:cockroach_larva":5,"jujutsucraft:cursed_spirit_grade_38":10,"jujutsucraft:cursed_spirit_grade_34":63,"jujutsucraft:transfigured_human_1":4,"jujutsucraft:cursed_spirit_grade_27":1,"jujutsucraft:ice_spear_2":6,"minecraft:pig":1,"jujutsucraft:kukuru":4,"jujutsucraft:nishimiya_momo":2,"jujutsucraft:awasaka_jiro":1,"minecraft:bat":4,"jujutsucraft:curse_user_1":4,"jujutsucraft:curse_user":2,"jujutsucraft:itadori_yuji":1,"minecraft:sheep":4,"jujutsucraft:panda_gorilla":2,"jujutsucraft:cursed_spirit_grade_29":2,"jujutsucraft:cursed_spirit_grade_314":42,"jujutsucraft:crow":1,"jujutsucraft:cursed_spirit_grade_311":8,"jujutsucraft:cursed_spirit_grade_310":7,"jujutsucraft:negi_toshihisa":3,"jujutsucraft:slicing_exorcism":1,"jujutsucraft:cursed_spirit_grade_17":1,"jujutsucraft:cursed_spirit_grade_36":41,"jujutsucraft:cursed_spirit_grade_25":4,"jujutsucraft:cursed_spirit_grade_110":2,"jujutsucraft:cursed_spirit_grade_315":46,"jujutsucraft:cursed_spirit_grade_212":2,"jujutsucraft:cursed_spirit_grade_319":29,"jujutsucraft:q":2},"minecraft:used":{"minecraft:stone_sword":26,"minecraft:flint_and_steel":2,"minecraft:dirt":8,"jujutsucraft:sword_miwa_kasumi":1,"minecraft:obsidian":5,"minecraft:furnace":1,"jujutsucraft:playful_cloud":183,"minecraft:oak_planks":61,"minecraft:stone_pickaxe":667,"minecraft:wooden_pickaxe":59,"jujutsucraft:uniform_normal_boots":2,"minecraft:sand":2,"jujutsucraft:uniform_gojo_boots":1,"minecraft:crafting_table":12,"jujutsucraft:uniform_normal_chestplate":1,"minecraft:diamond_pickaxe":13,"minecraft:iron_pickaxe":51,"jujutsucraft:dragon_bone":2,"minecraft:gravel":2,"minecraft:stone_axe":58,"minecraft:cobblestone":254,"jujutsucraft:uniform_normal_leggings":1,"minecraft:oak_boat":2,"minecraft:coarse_dirt":3},"minecraft:killed_by":{"jujutsucraft:cursed_spirit_grade_25":1,"jujutsucraft:cursed_spirit_grade_36":1,"jujutsucraft:itadori_yuji":2,"jujutsucraft:cursed_spirit_grade_15":2,"jujutsucraft:cursed_spirit_grade_311":1,"minecraft:player":26,"jujutsucraft:cursed_spirit_grade_16":6,"jujutsucraft:cursed_spirit_grade_14":5,"jujutsucraft:cursed_spirit_grade_312":2,"jujutsucraft:cursed_spirit_grade_11":2,"jujutsucraft:cursed_spirit_grade_12":1,"jujutsucraft:cursed_spirit_grade_17":7,"jujutsucraft:charles_bernard":2,"jujutsucraft:hakari_kinji":1,"jujutsucraft:mimiko":2,"jujutsucraft:cursed_spirit_grade_33":2,"jujutsucraft:cursed_spirit_grade_03":2,"jujutsucraft:nanako":1,"jujutsucraft:cursed_spirit_grade_22":7,"jujutsucraft:cursed_spirit_grade_26":1,"jujutsucraft:miyo_rokujushi":1,"jujutsucraft:cursed_spirit_grade_09":3,"jujutsucraft:cursed_spirit_grade_110":7,"jujutsucraft:curse_user_1":3,"jujutsucraft:yoshino_junpei":3,"jujutsucraft:kusakabe_yatsuya":1,"jujutsucraft:panda_normal":8,"jujutsucraft:fushiguro_megumi":2,"jujutsucraft:cursed_spirit_grade_318":1,"jujutsucraft:cursed_spirit_grade_314":2,"jujutsucraft:cursed_spirit_grade_315":1,"jujutsucraft:cursed_spirit_grade_04":3,"jujutsucraft:cursed_spirit_grade_34":2,"jujutsucraft:itadori_yuji_shinjuku":1,"jujutsucraft:cursed_spirit_grade_27":1,"jujutsucraft:cursed_spirit_grade_23":1,"jujutsucraft:rozetsu":1,"jujutsucraft:zenin_maki":3,"jujutsucraft:inumaki_toge":1,"jujutsucraft:zenin_chojuro":1,"jujutsucraft:nishimiya_momo":1,"jujutsucraft:higuruma_hiromi":1,"jujutsucraft:uraume":6,"jujutsucraft:larue":1,"jujutsucraft:panda_gorilla":4,"jujutsucraft:q":1,"jujutsucraft:fushiguro_megumi_shibuya":1,"jujutsucraft:shigemo_haruta":2,"jujutsucraft:miwa_kasumi":1,"jujutsucraft:cursed_spirit_grade_18":1,"jujutsucraft:cursed_spirit_grade_317":3,"jujutsucraft:cursed_spirit_grade_29":1,"jujutsucraft:eight_handled_swrod_divergent_sila_divine_general_mahoraga":3,"jujutsucraft:cursed_spirit_grade_32":2,"jujutsucraft:cursed_spirit_grade_210":1,"jujutsucraft:jujutsu_sorcerer":4}},"DataVersion":3465}