{"stats":{"minecraft:killed_by":{"jujutsucraft:cursed_spirit_grade_15":1,"jujutsucraft:cursed_spirit_grade_311":1,"minecraft:player":22,"jujutsucraft:cursed_spirit_grade_16":4,"jujutsucraft:cursed_spirit_grade_14":5,"jujutsucraft:cursed_spirit_grade_312":2,"jujutsucraft:cursed_spirit_grade_11":2,"jujutsucraft:cursed_spirit_grade_12":1,"jujutsucraft:cursed_spirit_grade_17":7,"jujutsucraft:charles_bernard":2,"jujutsucraft:hakari_kinji":1,"jujutsucraft:mimiko":2,"jujutsucraft:cursed_spirit_grade_33":2,"jujutsucraft:cursed_spirit_grade_03":1,"jujutsucraft:nanako":1,"jujutsucraft:cursed_spirit_grade_22":6,"jujutsucraft:cursed_spirit_grade_26":1,"jujutsucraft:cursed_spirit_grade_09":3,"jujutsucraft:cursed_spirit_grade_110":7,"jujutsucraft:curse_user_1":2,"jujutsucraft:yoshino_junpei":3,"jujutsucraft:panda_normal":7,"jujutsucraft:fushiguro_megumi":2,"jujutsucraft:cursed_spirit_grade_318":1,"jujutsucraft:cursed_spirit_grade_314":2,"jujutsucraft:cursed_spirit_grade_315":1,"jujutsucraft:cursed_spirit_grade_04":3,"jujutsucraft:cursed_spirit_grade_34":2,"jujutsucraft:itadori_yuji_shinjuku":1,"jujutsucraft:cursed_spirit_grade_27":1,"jujutsucraft:cursed_spirit_grade_23":1,"jujutsucraft:zenin_maki":3,"jujutsucraft:inumaki_toge":1,"jujutsucraft:nishimiya_momo":1,"jujutsucraft:uraume":5,"jujutsucraft:larue":1,"jujutsucraft:panda_gorilla":3,"jujutsucraft:q":1,"jujutsucraft:fushiguro_megumi_shibuya":1,"jujutsucraft:shigemo_haruta":1,"jujutsucraft:miwa_kasumi":1,"jujutsucraft:cursed_spirit_grade_317":3,"jujutsucraft:eight_handled_swrod_divergent_sila_divine_general_mahoraga":2,"jujutsucraft:cursed_spirit_grade_32":2,"jujutsucraft:cursed_spirit_grade_210":1,"jujutsucraft:jujutsu_sorcerer":4},"minecraft:crafted":{"minecraft:oak_planks":88,"minecraft:furnace":1,"minecraft:flint_and_steel":1,"minecraft:stone_pickaxe":7,"minecraft:diamond_boots":1,"minecraft:sugar":4,"minecraft:crafting_table":4,"vs_eureka:balloon":2,"minecraft:wooden_pickaxe":1,"minecraft:stone_axe":1,"minecraft:oak_boat":2,"minecraft:diamond_pickaxe":1,"minecraft:paper":6,"minecraft:stick":8,"minecraft:iron_ingot":12,"minecraft:iron_pickaxe":1,"minecraft:stone_sword":1},"minecraft:custom":{"minecraft:mob_kills":397,"minecraft:interact_with_crafting_table":17,"minecraft:damage_dealt_resisted":80510,"minecraft:leave_game":6,"minecraft:time_since_death":1,"minecraft:damage_resisted":31136,"minecraft:sprint_one_cm":2462771,"minecraft:walk_one_cm":1521333,"minecraft:drop":35,"minecraft:play_time":222641,"minecraft:deaths":129,"minecraft:sneak_time":1033,"minecraft:walk_under_water_one_cm":21688,"minecraft:jump":6242,"minecraft:walk_on_water_one_cm":20275,"minecraft:total_world_time":222641,"minecraft:interact_with_furnace":6,"minecraft:time_since_rest":38,"minecraft:damage_taken":51810,"minecraft:damage_dealt":1057,"minecraft:swim_one_cm":27387,"minecraft:fly_one_cm":3343018,"minecraft:player_kills":24,"minecraft:open_chest":3,"minecraft:crouch_one_cm":2506,"minecraft:fall_one_cm":289198},"minecraft:killed":{"jujutsucraft:mimiko":3,"jujutsucraft:cursed_spirit_grade_32":27,"jujutsucraft:transfigured_human_3":1,"jujutsucraft:cursed_spirit_grade_31":3,"jujutsucraft:cursed_spirit_grade_33":29,"jujutsucraft:stevenson_screen":3,"jujutsucraft:charles_bernard":1,"jujutsucraft:nanako":2,"jujutsucraft:cursed_spirit_grade_11":1,"jujutsucraft:cursed_spirit_grade_24":1,"jujutsucraft:cursed_spirit_grade_35":4,"jujutsucraft:yoshino_junpei":1,"jujutsucraft:cursed_spirit_grade_318":19,"jujutsucraft:cursed_spirit_grade_316":9,"jujutsucraft:kumiya_juzo":2,"jujutsucraft:transfigured_human_2":2,"jujutsucraft:miwa_kasumi":2,"jujutsucraft:cursed_spirit_grade_39":43,"jujutsucraft:cursed_spirit_grade_312":6,"jujutsucraft:cursed_spirit_grade_313":6,"jujutsucraft:cursed_spirit_grade_23":1,"jujutsucraft:cursed_spirit_grade_317":18,"jujutsucraft:cockroach_larva":2,"jujutsucraft:cursed_spirit_grade_38":8,"jujutsucraft:cursed_spirit_grade_34":40,"jujutsucraft:transfigured_human_1":2,"jujutsucraft:cursed_spirit_grade_27":1,"jujutsucraft:kukuru":3,"jujutsucraft:nishimiya_momo":2,"jujutsucraft:awasaka_jiro":1,"minecraft:bat":4,"jujutsucraft:curse_user":1,"minecraft:sheep":4,"jujutsucraft:panda_gorilla":1,"jujutsucraft:cursed_spirit_grade_29":1,"jujutsucraft:cursed_spirit_grade_314":29,"jujutsucraft:cursed_spirit_grade_311":5,"jujutsucraft:cursed_spirit_grade_310":6,"jujutsucraft:negi_toshihisa":2,"jujutsucraft:cursed_spirit_grade_17":1,"jujutsucraft:cursed_spirit_grade_36":19,"jujutsucraft:cursed_spirit_grade_25":2,"jujutsucraft:cursed_spirit_grade_110":1,"jujutsucraft:cursed_spirit_grade_315":27,"jujutsucraft:cursed_spirit_grade_319":21,"jujutsucraft:q":1},"minecraft:broken":{"minecraft:wooden_pickaxe":1,"minecraft:stone_pickaxe":5},"minecraft:dropped":{"minecraft:cobblestone":2,"minecraft:apple":2,"minecraft:granite":42,"automobility:automobile_frame":1,"minecraft:diorite":3,"automobility:automobile_engine":1,"jujutsucraft:uniform_gojo_boots":5,"minecraft:sugar_cane":1,"minecraft:coarse_dirt":4,"jujutsucraft:playful_cloud":1,"minecraft:light_gray_terracotta":6,"minecraft:red_terracotta":49,"minecraft:orange_terracotta":11,"minecraft:andesite":57,"minecraft:oak_sapling":8,"minecraft:stone_pickaxe":1,"automobility:automobile_wheel":4,"jujutsucraft:uniform_normal_boots":3,"minecraft:oak_leaves":2,"minecraft:terracotta":37},"minecraft:mined":{"minecraft:yellow_terracotta":1,"minecraft:diamond_ore":8,"minecraft:granite":14,"minecraft:grass_block":3,"minecraft:furnace":1,"minecraft:iron_ore":13,"minecraft:andesite":24,"minecraft:pumpkin":1,"minecraft:stone":495,"minecraft:orange_terracotta":13,"minecraft:crafting_table":9,"minecraft:light_gray_terracotta":3,"minecraft:dead_bush":153,"minecraft:copper_ore":1,"minecraft:cobblestone":70,"minecraft:lapis_ore":2,"minecraft:sugar_cane":5,"minecraft:oak_planks":6,"minecraft:diorite":14,"minecraft:white_terracotta":2,"minecraft:red_terracotta":28,"minecraft:coarse_dirt":3,"minecraft:grass":26,"minecraft:oak_log":44,"minecraft:coal_ore":16,"minecraft:gravel":18,"minecraft:sand":4,"minecraft:dirt":5,"minecraft:brown_terracotta":2,"minecraft:terracotta":37,"minecraft:oak_leaves":17,"minecraft:deepslate":5},"minecraft:used":{"minecraft:stone_sword":26,"minecraft:dirt":8,"jujutsucraft:sword_miwa_kasumi":1,"minecraft:furnace":1,"jujutsucraft:playful_cloud":121,"minecraft:stone_pickaxe":667,"minecraft:oak_planks":61,"minecraft:wooden_pickaxe":59,"jujutsucraft:uniform_normal_boots":2,"minecraft:sand":2,"jujutsucraft:uniform_gojo_boots":1,"minecraft:crafting_table":11,"jujutsucraft:uniform_normal_chestplate":1,"minecraft:iron_pickaxe":49,"minecraft:gravel":2,"jujutsucraft:dragon_bone":2,"minecraft:stone_axe":58,"minecraft:cobblestone":254,"jujutsucraft:uniform_normal_leggings":1,"minecraft:oak_boat":2,"minecraft:coarse_dirt":3},"minecraft:picked_up":{"minecraft:crafting_table":8,"minecraft:coarse_dirt":7,"jujutsucraft:uniform_normal_boots":3,"jujutsucraft:cursed_technique_changer":3,"minecraft:raw_copper":5,"automobility:automobile":1,"minecraft:sugar_cane":11,"minecraft:furnace":1,"minecraft:stick":73,"minecraft:raw_iron":13,"jujutsucraft:playful_cloud":2,"minecraft:diorite":3,"automobility:automobile_frame":1,"minecraft:mutton":5,"minecraft:white_wool":3,"minecraft:cobblestone":477,"jujutsucraft:recommendation_2":1,"jujutsucraft:uniform_gojo_boots":5,"jujutsucraft:g_staff":1,"minecraft:andesite":57,"minecraft:flint":4,"jujutsucraft:item_master_physical_gifted":1,"minecraft:oak_log":44,"minecraft:dirt":8,"minecraft:orange_terracotta":11,"automobility:automobile_wheel":4,"minecraft:apple":2,"jujutsucraft:sword_miwa_kasumi":1,"minecraft:oak_planks":6,"jujutsucraft:dragon_bone":2,"minecraft:pumpkin":1,"minecraft:gravel":14,"minecraft:sand":2,"automobility:automobile_engine":1,"minecraft:red_terracotta":49,"minecraft:light_gray_terracotta":6,"minecraft:diamond":8,"minecraft:granite":42,"jujutsucraft:uniform_q_chestplate":2,"minecraft:terracotta":37,"minecraft:oak_sapling":16,"minecraft:coal":16,"minecraft:oak_leaves":2}},"DataVersion":3465}