{"stats":{"minecraft:killed":{"jujutsucraft:cursed_spirit_grade_39":2,"jujutsucraft:cursed_spirit_grade_36":1,"jujutsucraft:cursed_spirit_grade_315":1,"jujutsucraft:cursed_spirit_grade_318":4,"jujutsucraft:cursed_spirit_grade_316":3,"jujutsucraft:cursed_spirit_grade_34":3,"jujutsucraft:cursed_spirit_grade_319":3},"minecraft:mined":{"minecraft:red_terracotta":16,"minecraft:coarse_dirt":2,"minecraft:orange_terracotta":6,"minecraft:pumpkin":1,"minecraft:crafting_table":1,"minecraft:grass":7,"minecraft:grass_block":3,"minecraft:oak_log":11,"minecraft:dead_bush":34,"minecraft:dirt":5,"minecraft:terracotta":15,"minecraft:stone":21,"minecraft:oak_leaves":3},"minecraft:broken":{"minecraft:wooden_pickaxe":1},"minecraft:used":{"minecraft:stone_sword":11,"minecraft:wooden_pickaxe":59,"jujutsucraft:uniform_normal_boots":2,"minecraft:stone_axe":8,"minecraft:dirt":8,"jujutsucraft:uniform_gojo_boots":1,"minecraft:crafting_table":2,"jujutsucraft:uniform_normal_leggings":1,"minecraft:coarse_dirt":2,"jujutsucraft:uniform_normal_chestplate":1},"minecraft:picked_up":{"minecraft:crafting_table":1,"minecraft:stick":19,"minecraft:coarse_dirt":3,"jujutsucraft:uniform_gojo_boots":1,"minecraft:pumpkin":1,"jujutsucraft:cursed_technique_changer":3,"minecraft:oak_log":11,"minecraft:red_terracotta":16,"minecraft:dirt":8,"minecraft:orange_terracotta":6,"automobility:automobile":1,"minecraft:terracotta":15,"minecraft:oak_sapling":1,"minecraft:cobblestone":21},"minecraft:dropped":{"minecraft:stone_pickaxe":1},"minecraft:custom":{"minecraft:time_since_rest":28,"minecraft:sprint_one_cm":419956,"minecraft:damage_taken":4172,"minecraft:walk_one_cm":283654,"minecraft:mob_kills":17,"minecraft:drop":1,"minecraft:damage_dealt":26,"minecraft:interact_with_crafting_table":4,"minecraft:fly_one_cm":370207,"minecraft:player_kills":6,"minecraft:crouch_one_cm":1040,"minecraft:play_time":39473,"minecraft:deaths":12,"minecraft:sneak_time":762,"minecraft:jump":1039,"minecraft:damage_dealt_resisted":2190,"minecraft:leave_game":1,"minecraft:time_since_death":3,"minecraft:total_world_time":39473,"minecraft:fall_one_cm":20272},"minecraft:crafted":{"minecraft:oak_planks":20,"minecraft:crafting_table":1,"minecraft:stick":8,"minecraft:wooden_pickaxe":1,"minecraft:stone_pickaxe":2,"minecraft:stone_sword":1,"minecraft:stone_axe":1},"minecraft:killed_by":{"jujutsucraft:yoshino_junpei":1,"minecraft:player":5,"jujutsucraft:cursed_spirit_grade_312":1,"jujutsucraft:cursed_spirit_grade_34":1,"jujutsucraft:cursed_spirit_grade_33":1,"jujutsucraft:cursed_spirit_grade_27":1,"jujutsucraft:cursed_spirit_grade_210":1,"jujutsucraft:jujutsu_sorcerer":1}},"DataVersion":3465}