{"stats":{"minecraft:killed":{"jujutsucraft:cursed_spirit_grade_33":1,"jujutsucraft:cursed_spirit_grade_318":1,"jujutsucraft:cursed_spirit_grade_314":1,"jujutsucraft:cursed_spirit_grade_317":1,"jujutsucraft:nue":1},"minecraft:picked_up":{"jujutsucraft:uniform_normal_leggings":1,"jujutsucraft:uniform_normal_boots":1,"jujutsucraft:uniform_normal_chestplate":1},"minecraft:killed_by":{"jujutsucraft:curse_user":1,"jujutsucraft:cursed_spirit_grade_39":1,"minecraft:player":1,"jujutsucraft:nue":1,"jujutsucraft:cursed_spirit_grade_312":1},"minecraft:mined":{"minecraft:grass":4,"minecraft:gray_stained_glass":2},"minecraft:used":{"jujutsucraft:uniform_normal_leggings":2,"jujutsucraft:uniform_normal_boots":2,"jujutsucraft:uniform_normal_chestplate":2},"minecraft:custom":{"minecraft:time_since_rest":150,"minecraft:crouch_one_cm":1378,"minecraft:play_time":15786,"minecraft:sprint_one_cm":186256,"minecraft:walk_one_cm":89194,"minecraft:damage_taken":1927,"minecraft:deaths":6,"minecraft:sneak_time":170,"minecraft:mob_kills":5,"minecraft:damage_dealt_resisted":2310,"minecraft:jump":482,"minecraft:damage_dealt":456,"minecraft:time_since_death":124,"minecraft:climb_one_cm":260,"minecraft:total_world_time":15786,"minecraft:interact_with_crafting_table":1,"minecraft:fall_one_cm":20289,"minecraft:fly_one_cm":218613}},"DataVersion":3465}