{"stats":{"minecraft:killed":{"jujutsucraft:cursed_spirit_grade_39":1,"jujutsucraft:cursed_spirit_grade_318":1,"jujutsucraft:cursed_spirit_grade_316":1,"jujutsucraft:cursed_spirit_grade_34":1},"minecraft:mined":{"minecraft:red_terracotta":16,"minecraft:coarse_dirt":1,"minecraft:orange_terracotta":6,"minecraft:pumpkin":1,"minecraft:crafting_table":1,"minecraft:grass":7,"minecraft:grass_block":3,"minecraft:oak_log":11,"minecraft:dead_bush":31,"minecraft:dirt":1,"minecraft:terracotta":15,"minecraft:stone":21,"minecraft:oak_leaves":3},"minecraft:broken":{"minecraft:wooden_pickaxe":1},"minecraft:used":{"minecraft:stone_sword":9,"minecraft:wooden_pickaxe":59,"jujutsucraft:uniform_normal_boots":1,"minecraft:stone_axe":8,"minecraft:dirt":1,"minecraft:crafting_table":2,"jujutsucraft:uniform_normal_leggings":1,"minecraft:coarse_dirt":1,"jujutsucraft:uniform_normal_chestplate":1},"minecraft:picked_up":{"minecraft:coarse_dirt":2,"minecraft:stick":19,"minecraft:crafting_table":1,"jujutsucraft:uniform_gojo_boots":1,"minecraft:pumpkin":1,"jujutsucraft:cursed_technique_changer":3,"minecraft:oak_log":11,"minecraft:red_terracotta":16,"minecraft:dirt":4,"minecraft:orange_terracotta":6,"automobility:automobile":1,"minecraft:terracotta":15,"minecraft:oak_sapling":1,"minecraft:cobblestone":21},"minecraft:dropped":{"minecraft:stone_pickaxe":1},"minecraft:custom":{"minecraft:time_since_rest":1224,"minecraft:sprint_one_cm":362542,"minecraft:damage_taken":1878,"minecraft:walk_one_cm":216706,"minecraft:mob_kills":4,"minecraft:drop":1,"minecraft:damage_dealt":21,"minecraft:player_kills":5,"minecraft:interact_with_crafting_table":4,"minecraft:fly_one_cm":317988,"minecraft:crouch_one_cm":1040,"minecraft:play_time":31913,"minecraft:deaths":4,"minecraft:sneak_time":760,"minecraft:damage_dealt_resisted":456,"minecraft:jump":913,"minecraft:leave_game":1,"minecraft:time_since_death":1193,"minecraft:total_world_time":31913,"minecraft:fall_one_cm":14353},"minecraft:killed_by":{"minecraft:player":2,"jujutsucraft:cursed_spirit_grade_33":1,"jujutsucraft:cursed_spirit_grade_210":1},"minecraft:crafted":{"minecraft:oak_planks":20,"minecraft:crafting_table":1,"minecraft:stick":8,"minecraft:wooden_pickaxe":1,"minecraft:stone_pickaxe":2,"minecraft:stone_sword":1,"minecraft:stone_axe":1}},"DataVersion":3465}