{"stats":{"minecraft:killed":{"jujutsucraft:cursed_spirit_grade_39":1,"jujutsucraft:cursed_spirit_grade_33":6,"jujutsucraft:cursed_spirit_grade_318":2,"jujutsucraft:cursed_spirit_grade_314":1,"jujutsucraft:cursed_spirit_grade_317":2,"jujutsucraft:cursed_spirit_grade_212":1,"jujutsucraft:nue":1},"minecraft:picked_up":{"jujutsucraft:uniform_normal_leggings":1,"minecraft:wheat_seeds":1,"jujutsucraft:uniform_normal_boots":1,"jujutsucraft:uniform_normal_chestplate":1},"minecraft:killed_by":{"jujutsucraft:q":1,"jujutsucraft:cursed_spirit_grade_36":1,"jujutsucraft:curse_user":2,"jujutsucraft:tiger_funeral":1,"jujutsucraft:cursed_spirit_grade_39":1,"minecraft:player":2,"jujutsucraft:nue":1,"jujutsucraft:cursed_spirit_grade_312":1,"jujutsucraft:cursed_spirit_grade_212":2},"minecraft:mined":{"minecraft:grass":12,"minecraft:gray_stained_glass":4,"minecraft:blue_stained_glass_pane":9},"minecraft:used":{"jujutsucraft:uniform_normal_leggings":2,"jujutsucraft:uniform_normal_boots":2,"jujutsucraft:uniform_normal_chestplate":2},"minecraft:custom":{"minecraft:open_chest":2,"minecraft:time_since_rest":3497,"minecraft:crouch_one_cm":3078,"minecraft:play_time":27786,"minecraft:sprint_one_cm":350786,"minecraft:walk_one_cm":168696,"minecraft:damage_taken":4646,"minecraft:deaths":13,"minecraft:sneak_time":328,"minecraft:mob_kills":14,"minecraft:damage_dealt_resisted":3030,"minecraft:jump":743,"minecraft:damage_dealt":592,"minecraft:time_since_death":3470,"minecraft:climb_one_cm":10789,"minecraft:total_world_time":27786,"minecraft:interact_with_crafting_table":1,"minecraft:fall_one_cm":28879,"minecraft:fly_one_cm":346961}},"DataVersion":3465}