{"stats":{"minecraft:mined":{"minecraft:orange_terracotta":8,"minecraft:crafting_table":3,"minecraft:granite":8,"minecraft:grass_block":3,"minecraft:dead_bush":134,"minecraft:cobblestone":7,"minecraft:oak_planks":6,"minecraft:red_terracotta":21,"minecraft:coarse_dirt":3,"minecraft:iron_ore":1,"minecraft:pumpkin":1,"minecraft:grass":20,"minecraft:coal_ore":3,"minecraft:oak_log":22,"minecraft:sand":4,"minecraft:dirt":5,"minecraft:terracotta":21,"minecraft:stone":46,"minecraft:oak_leaves":14},"minecraft:killed":{"jujutsucraft:mimiko":1,"jujutsucraft:cursed_spirit_grade_32":12,"jujutsucraft:cursed_spirit_grade_31":1,"jujutsucraft:cursed_spirit_grade_33":17,"jujutsucraft:stevenson_screen":3,"jujutsucraft:kukuru":2,"jujutsucraft:nanako":1,"jujutsucraft:nishimiya_momo":1,"jujutsucraft:awasaka_jiro":1,"jujutsucraft:cursed_spirit_grade_35":2,"jujutsucraft:cursed_spirit_grade_318":9,"jujutsucraft:cursed_spirit_grade_316":4,"jujutsucraft:transfigured_human_2":1,"jujutsucraft:curse_user":1,"jujutsucraft:miwa_kasumi":1,"minecraft:sheep":4,"jujutsucraft:cursed_spirit_grade_29":1,"jujutsucraft:cursed_spirit_grade_39":19,"jujutsucraft:cursed_spirit_grade_313":3,"jujutsucraft:cursed_spirit_grade_312":4,"jujutsucraft:cursed_spirit_grade_314":12,"jujutsucraft:cursed_spirit_grade_311":3,"jujutsucraft:cursed_spirit_grade_310":4,"jujutsucraft:cursed_spirit_grade_36":8,"jujutsucraft:cursed_spirit_grade_315":17,"jujutsucraft:cursed_spirit_grade_110":1,"jujutsucraft:cursed_spirit_grade_317":13,"jujutsucraft:cockroach_larva":2,"jujutsucraft:cursed_spirit_grade_38":6,"jujutsucraft:cursed_spirit_grade_34":20,"jujutsucraft:cursed_spirit_grade_319":18,"jujutsucraft:transfigured_human_1":1,"jujutsucraft:q":1},"minecraft:broken":{"minecraft:wooden_pickaxe":1},"minecraft:used":{"minecraft:stone_sword":24,"minecraft:stone_pickaxe":58,"minecraft:oak_planks":61,"minecraft:wooden_pickaxe":59,"jujutsucraft:uniform_normal_boots":2,"minecraft:sand":2,"minecraft:dirt":8,"jujutsucraft:uniform_gojo_boots":1,"jujutsucraft:sword_miwa_kasumi":1,"minecraft:crafting_table":4,"jujutsucraft:uniform_normal_chestplate":1,"minecraft:stone_axe":30,"jujutsucraft:uniform_normal_leggings":1,"minecraft:cobblestone":13,"jujutsucraft:playful_cloud":96,"minecraft:oak_boat":2,"minecraft:coarse_dirt":3},"minecraft:picked_up":{"jujutsucraft:recommendation_2":1,"minecraft:coarse_dirt":5,"minecraft:crafting_table":3,"jujutsucraft:uniform_gojo_boots":2,"jujutsucraft:g_staff":1,"jujutsucraft:cursed_technique_changer":3,"jujutsucraft:item_master_physical_gifted":1,"minecraft:oak_log":22,"minecraft:dirt":8,"minecraft:orange_terracotta":9,"automobility:automobile_wheel":4,"minecraft:apple":1,"automobility:automobile":1,"jujutsucraft:sword_miwa_kasumi":1,"minecraft:oak_planks":6,"jujutsucraft:dragon_bone":1,"minecraft:stick":70,"minecraft:raw_iron":1,"minecraft:pumpkin":1,"jujutsucraft:playful_cloud":1,"automobility:automobile_engine":1,"minecraft:sand":2,"minecraft:red_terracotta":21,"automobility:automobile_frame":1,"minecraft:granite":8,"jujutsucraft:uniform_q_chestplate":2,"minecraft:terracotta":21,"minecraft:oak_sapling":7,"minecraft:mutton":5,"minecraft:coal":3,"minecraft:oak_leaves":2,"minecraft:white_wool":3,"minecraft:cobblestone":52},"minecraft:dropped":{"automobility:automobile_frame":1,"minecraft:stone_pickaxe":1,"automobility:automobile_wheel":4,"automobility:automobile_engine":1},"minecraft:custom":{"minecraft:mob_kills":214,"minecraft:interact_with_crafting_table":6,"minecraft:damage_dealt_resisted":29481,"minecraft:leave_game":2,"minecraft:time_since_death":3583,"minecraft:damage_resisted":11998,"minecraft:time_since_rest":3610,"minecraft:damage_taken":33847,"minecraft:walk_one_cm":996999,"minecraft:sprint_one_cm":1782210,"minecraft:drop":4,"minecraft:damage_dealt":702,"minecraft:swim_one_cm":11099,"minecraft:fly_one_cm":2141549,"minecraft:player_kills":21,"minecraft:open_chest":1,"minecraft:crouch_one_cm":2348,"minecraft:play_time":140863,"minecraft:deaths":90,"minecraft:sneak_time":992,"minecraft:walk_under_water_one_cm":13031,"minecraft:jump":4042,"minecraft:walk_on_water_one_cm":12802,"minecraft:total_world_time":140863,"minecraft:fall_one_cm":162205},"minecraft:crafted":{"minecraft:oak_planks":88,"minecraft:crafting_table":2,"minecraft:wooden_pickaxe":1,"minecraft:stone_axe":1,"minecraft:oak_boat":2,"minecraft:stick":8,"minecraft:stone_pickaxe":2,"minecraft:stone_sword":1},"minecraft:killed_by":{"jujutsucraft:zenin_maki":1,"jujutsucraft:cursed_spirit_grade_311":1,"minecraft:player":19,"jujutsucraft:inumaki_toge":1,"jujutsucraft:cursed_spirit_grade_16":2,"jujutsucraft:cursed_spirit_grade_14":4,"jujutsucraft:cursed_spirit_grade_312":2,"jujutsucraft:nishimiya_momo":1,"jujutsucraft:cursed_spirit_grade_12":1,"jujutsucraft:cursed_spirit_grade_17":3,"jujutsucraft:charles_bernard":1,"jujutsucraft:uraume":5,"jujutsucraft:hakari_kinji":1,"jujutsucraft:mimiko":2,"jujutsucraft:cursed_spirit_grade_33":2,"jujutsucraft:nanako":1,"jujutsucraft:cursed_spirit_grade_22":3,"jujutsucraft:cursed_spirit_grade_26":1,"jujutsucraft:panda_gorilla":3,"jujutsucraft:cursed_spirit_grade_110":6,"jujutsucraft:curse_user_1":2,"jujutsucraft:yoshino_junpei":3,"jujutsucraft:shigemo_haruta":1,"jujutsucraft:panda_normal":7,"jujutsucraft:cursed_spirit_grade_317":2,"jujutsucraft:cursed_spirit_grade_314":2,"jujutsucraft:cursed_spirit_grade_04":3,"jujutsucraft:cursed_spirit_grade_34":2,"jujutsucraft:cursed_spirit_grade_32":2,"jujutsucraft:cursed_spirit_grade_27":1,"jujutsucraft:cursed_spirit_grade_210":1,"jujutsucraft:jujutsu_sorcerer":4}},"DataVersion":3465}