{"stats":{"minecraft:mined":{"minecraft:yellow_terracotta":1,"minecraft:granite":8,"minecraft:grass_block":3,"minecraft:iron_ore":1,"minecraft:andesite":24,"minecraft:pumpkin":1,"minecraft:stone":295,"minecraft:orange_terracotta":11,"minecraft:crafting_table":6,"minecraft:light_gray_terracotta":3,"minecraft:dead_bush":140,"minecraft:copper_ore":1,"minecraft:cobblestone":7,"minecraft:lapis_ore":2,"minecraft:sugar_cane":5,"minecraft:oak_planks":6,"minecraft:diorite":4,"minecraft:white_terracotta":2,"minecraft:red_terracotta":22,"minecraft:coarse_dirt":3,"minecraft:grass":23,"minecraft:oak_log":22,"minecraft:coal_ore":16,"minecraft:gravel":14,"minecraft:sand":4,"minecraft:dirt":5,"minecraft:brown_terracotta":2,"minecraft:terracotta":32,"minecraft:oak_leaves":14,"minecraft:deepslate":5},"minecraft:killed":{"jujutsucraft:mimiko":3,"jujutsucraft:cursed_spirit_grade_32":17,"jujutsucraft:cursed_spirit_grade_31":3,"jujutsucraft:cursed_spirit_grade_33":19,"jujutsucraft:stevenson_screen":3,"jujutsucraft:nanako":1,"jujutsucraft:charles_bernard":1,"jujutsucraft:cursed_spirit_grade_35":3,"jujutsucraft:cursed_spirit_grade_318":12,"jujutsucraft:cursed_spirit_grade_316":5,"jujutsucraft:kumiya_juzo":1,"jujutsucraft:transfigured_human_2":1,"jujutsucraft:miwa_kasumi":1,"jujutsucraft:cursed_spirit_grade_39":23,"jujutsucraft:cursed_spirit_grade_312":4,"jujutsucraft:cursed_spirit_grade_313":4,"jujutsucraft:cursed_spirit_grade_317":14,"jujutsucraft:cockroach_larva":2,"jujutsucraft:cursed_spirit_grade_38":7,"jujutsucraft:cursed_spirit_grade_34":23,"jujutsucraft:transfigured_human_1":1,"jujutsucraft:kukuru":3,"jujutsucraft:nishimiya_momo":1,"jujutsucraft:awasaka_jiro":1,"jujutsucraft:curse_user":1,"minecraft:sheep":4,"jujutsucraft:panda_gorilla":1,"jujutsucraft:cursed_spirit_grade_29":1,"jujutsucraft:cursed_spirit_grade_314":15,"jujutsucraft:cursed_spirit_grade_311":3,"jujutsucraft:cursed_spirit_grade_310":4,"jujutsucraft:negi_toshihisa":1,"jujutsucraft:cursed_spirit_grade_17":1,"jujutsucraft:cursed_spirit_grade_36":12,"jujutsucraft:cursed_spirit_grade_110":1,"jujutsucraft:cursed_spirit_grade_315":18,"jujutsucraft:cursed_spirit_grade_319":19,"jujutsucraft:q":1},"minecraft:broken":{"minecraft:wooden_pickaxe":1,"minecraft:stone_pickaxe":3},"minecraft:used":{"minecraft:stone_sword":26,"minecraft:dirt":8,"jujutsucraft:sword_miwa_kasumi":1,"jujutsucraft:playful_cloud":105,"minecraft:stone_pickaxe":394,"minecraft:oak_planks":61,"minecraft:wooden_pickaxe":59,"jujutsucraft:uniform_normal_boots":2,"minecraft:sand":2,"jujutsucraft:uniform_gojo_boots":1,"minecraft:crafting_table":8,"jujutsucraft:uniform_normal_chestplate":1,"jujutsucraft:dragon_bone":2,"minecraft:stone_axe":31,"minecraft:cobblestone":142,"jujutsucraft:uniform_normal_leggings":1,"minecraft:oak_boat":2,"minecraft:coarse_dirt":3},"minecraft:picked_up":{"minecraft:crafting_table":5,"minecraft:coarse_dirt":5,"jujutsucraft:cursed_technique_changer":3,"minecraft:raw_copper":5,"automobility:automobile":1,"minecraft:sugar_cane":11,"minecraft:stick":71,"minecraft:raw_iron":1,"jujutsucraft:playful_cloud":2,"minecraft:diorite":3,"automobility:automobile_frame":1,"minecraft:mutton":5,"minecraft:white_wool":3,"minecraft:cobblestone":225,"jujutsucraft:recommendation_2":1,"jujutsucraft:uniform_gojo_boots":3,"jujutsucraft:g_staff":1,"minecraft:andesite":19,"minecraft:flint":3,"jujutsucraft:item_master_physical_gifted":1,"minecraft:oak_log":22,"minecraft:dirt":8,"minecraft:orange_terracotta":9,"automobility:automobile_wheel":4,"minecraft:apple":1,"jujutsucraft:sword_miwa_kasumi":1,"minecraft:oak_planks":6,"jujutsucraft:dragon_bone":2,"minecraft:pumpkin":1,"minecraft:gravel":11,"minecraft:sand":2,"automobility:automobile_engine":1,"minecraft:red_terracotta":43,"minecraft:light_gray_terracotta":3,"minecraft:granite":8,"jujutsucraft:uniform_q_chestplate":2,"minecraft:terracotta":32,"minecraft:oak_sapling":8,"minecraft:coal":16,"minecraft:oak_leaves":2},"minecraft:dropped":{"minecraft:cobblestone":2,"automobility:automobile_frame":1,"minecraft:diorite":3,"automobility:automobile_engine":1,"jujutsucraft:uniform_gojo_boots":2,"minecraft:sugar_cane":1,"jujutsucraft:playful_cloud":1,"minecraft:red_terracotta":21,"minecraft:orange_terracotta":9,"minecraft:stone_pickaxe":1,"automobility:automobile_wheel":4,"minecraft:oak_leaves":2},"minecraft:custom":{"minecraft:mob_kills":260,"minecraft:interact_with_crafting_table":10,"minecraft:damage_dealt_resisted":45885,"minecraft:leave_game":4,"minecraft:time_since_death":9607,"minecraft:damage_resisted":16958,"minecraft:sprint_one_cm":2082077,"minecraft:walk_one_cm":1218638,"minecraft:drop":13,"minecraft:play_time":171065,"minecraft:deaths":107,"minecraft:sneak_time":1029,"minecraft:walk_under_water_one_cm":21688,"minecraft:jump":5071,"minecraft:walk_on_water_one_cm":20275,"minecraft:total_world_time":171065,"minecraft:time_since_rest":10248,"minecraft:damage_taken":41213,"minecraft:damage_dealt":817,"minecraft:swim_one_cm":27387,"minecraft:fly_one_cm":2687379,"minecraft:player_kills":22,"minecraft:open_chest":3,"minecraft:crouch_one_cm":2506,"minecraft:fall_one_cm":226603},"minecraft:killed_by":{"jujutsucraft:cursed_spirit_grade_311":1,"minecraft:player":20,"jujutsucraft:cursed_spirit_grade_14":4,"jujutsucraft:cursed_spirit_grade_16":2,"jujutsucraft:cursed_spirit_grade_312":2,"jujutsucraft:cursed_spirit_grade_11":1,"jujutsucraft:cursed_spirit_grade_12":1,"jujutsucraft:cursed_spirit_grade_17":7,"jujutsucraft:charles_bernard":2,"jujutsucraft:hakari_kinji":1,"jujutsucraft:mimiko":2,"jujutsucraft:cursed_spirit_grade_33":2,"jujutsucraft:cursed_spirit_grade_03":1,"jujutsucraft:nanako":1,"jujutsucraft:cursed_spirit_grade_22":3,"jujutsucraft:cursed_spirit_grade_26":1,"jujutsucraft:cursed_spirit_grade_09":3,"jujutsucraft:cursed_spirit_grade_110":6,"jujutsucraft:curse_user_1":2,"jujutsucraft:yoshino_junpei":3,"jujutsucraft:panda_normal":7,"jujutsucraft:cursed_spirit_grade_318":1,"jujutsucraft:cursed_spirit_grade_314":2,"jujutsucraft:cursed_spirit_grade_315":1,"jujutsucraft:cursed_spirit_grade_04":3,"jujutsucraft:cursed_spirit_grade_34":2,"jujutsucraft:cursed_spirit_grade_27":1,"jujutsucraft:zenin_maki":2,"jujutsucraft:inumaki_toge":1,"jujutsucraft:nishimiya_momo":1,"jujutsucraft:uraume":5,"jujutsucraft:larue":1,"jujutsucraft:panda_gorilla":3,"jujutsucraft:q":1,"jujutsucraft:shigemo_haruta":1,"jujutsucraft:cursed_spirit_grade_317":3,"jujutsucraft:cursed_spirit_grade_32":2,"jujutsucraft:cursed_spirit_grade_210":1,"jujutsucraft:jujutsu_sorcerer":4},"minecraft:crafted":{"minecraft:oak_planks":88,"minecraft:stone_pickaxe":4,"minecraft:sugar":4,"minecraft:crafting_table":4,"vs_eureka:balloon":2,"minecraft:wooden_pickaxe":1,"minecraft:stone_axe":1,"minecraft:oak_boat":2,"minecraft:paper":6,"minecraft:stick":8,"minecraft:stone_sword":1}},"DataVersion":3465}