{"stats":{"minecraft:mined":{"minecraft:orange_terracotta":6,"minecraft:crafting_table":3,"minecraft:grass_block":3,"minecraft:dead_bush":78,"minecraft:cobblestone":7,"minecraft:oak_planks":6,"minecraft:red_terracotta":16,"minecraft:coarse_dirt":2,"minecraft:iron_ore":1,"minecraft:pumpkin":1,"minecraft:grass":17,"minecraft:oak_log":22,"minecraft:coal_ore":3,"minecraft:dirt":5,"minecraft:sand":4,"minecraft:terracotta":15,"minecraft:stone":24,"minecraft:oak_leaves":14},"minecraft:killed":{"jujutsucraft:mimiko":1,"jujutsucraft:cursed_spirit_grade_32":6,"jujutsucraft:cursed_spirit_grade_31":1,"jujutsucraft:cursed_spirit_grade_33":14,"jujutsucraft:stevenson_screen":3,"jujutsucraft:kukuru":2,"jujutsucraft:nanako":1,"jujutsucraft:nishimiya_momo":1,"jujutsucraft:awasaka_jiro":1,"jujutsucraft:cursed_spirit_grade_318":9,"jujutsucraft:cursed_spirit_grade_316":4,"jujutsucraft:curse_user":1,"jujutsucraft:miwa_kasumi":1,"minecraft:sheep":4,"jujutsucraft:cursed_spirit_grade_29":1,"jujutsucraft:cursed_spirit_grade_39":15,"jujutsucraft:cursed_spirit_grade_313":1,"jujutsucraft:cursed_spirit_grade_312":4,"jujutsucraft:cursed_spirit_grade_314":12,"jujutsucraft:cursed_spirit_grade_311":2,"jujutsucraft:cursed_spirit_grade_310":3,"jujutsucraft:cursed_spirit_grade_36":7,"jujutsucraft:cursed_spirit_grade_110":1,"jujutsucraft:cursed_spirit_grade_317":13,"jujutsucraft:cursed_spirit_grade_315":7,"jujutsucraft:cursed_spirit_grade_38":3,"jujutsucraft:cursed_spirit_grade_34":13,"jujutsucraft:cursed_spirit_grade_319":11,"jujutsucraft:transfigured_human_1":1},"minecraft:broken":{"minecraft:wooden_pickaxe":1},"minecraft:used":{"minecraft:stone_sword":23,"minecraft:stone_pickaxe":15,"minecraft:oak_planks":61,"minecraft:wooden_pickaxe":59,"jujutsucraft:uniform_normal_boots":2,"minecraft:dirt":8,"minecraft:sand":2,"jujutsucraft:uniform_gojo_boots":1,"minecraft:crafting_table":4,"jujutsucraft:uniform_normal_chestplate":1,"minecraft:stone_axe":30,"minecraft:cobblestone":13,"jujutsucraft:uniform_normal_leggings":1,"jujutsucraft:playful_cloud":37,"minecraft:oak_boat":2,"minecraft:coarse_dirt":3},"minecraft:picked_up":{"jujutsucraft:recommendation_2":1,"minecraft:coarse_dirt":4,"minecraft:crafting_table":3,"jujutsucraft:uniform_gojo_boots":2,"jujutsucraft:g_staff":1,"jujutsucraft:cursed_technique_changer":3,"jujutsucraft:item_master_physical_gifted":1,"minecraft:oak_log":22,"minecraft:dirt":8,"minecraft:orange_terracotta":7,"automobility:automobile_wheel":4,"automobility:automobile":1,"jujutsucraft:sword_miwa_kasumi":1,"minecraft:oak_planks":6,"minecraft:stick":41,"minecraft:raw_iron":1,"minecraft:pumpkin":1,"jujutsucraft:playful_cloud":1,"automobility:automobile_engine":1,"minecraft:sand":2,"minecraft:red_terracotta":16,"automobility:automobile_frame":1,"jujutsucraft:uniform_q_chestplate":1,"minecraft:terracotta":15,"minecraft:oak_sapling":5,"minecraft:oak_leaves":2,"minecraft:mutton":5,"minecraft:coal":3,"minecraft:white_wool":3,"minecraft:cobblestone":31},"minecraft:dropped":{"automobility:automobile_frame":1,"minecraft:stone_pickaxe":1,"automobility:automobile_wheel":4,"automobility:automobile_engine":1},"minecraft:custom":{"minecraft:mob_kills":162,"minecraft:interact_with_crafting_table":6,"minecraft:damage_dealt_resisted":19368,"minecraft:leave_game":1,"minecraft:time_since_death":2642,"minecraft:damage_resisted":7813,"minecraft:time_since_rest":2677,"minecraft:sprint_one_cm":1393297,"minecraft:damage_taken":27531,"minecraft:walk_one_cm":840107,"minecraft:drop":4,"minecraft:damage_dealt":654,"minecraft:swim_one_cm":2508,"minecraft:fly_one_cm":1557815,"minecraft:player_kills":20,"minecraft:crouch_one_cm":2198,"minecraft:play_time":117473,"minecraft:deaths":77,"minecraft:sneak_time":963,"minecraft:walk_under_water_one_cm":1927,"minecraft:jump":3203,"minecraft:walk_on_water_one_cm":3624,"minecraft:total_world_time":117473,"minecraft:fall_one_cm":113272},"minecraft:killed_by":{"jujutsucraft:cursed_spirit_grade_311":1,"minecraft:player":17,"jujutsucraft:inumaki_toge":1,"jujutsucraft:cursed_spirit_grade_14":3,"jujutsucraft:cursed_spirit_grade_312":2,"jujutsucraft:nishimiya_momo":1,"jujutsucraft:cursed_spirit_grade_17":2,"jujutsucraft:charles_bernard":1,"jujutsucraft:uraume":5,"jujutsucraft:mimiko":2,"jujutsucraft:cursed_spirit_grade_33":2,"jujutsucraft:cursed_spirit_grade_22":3,"jujutsucraft:panda_gorilla":3,"jujutsucraft:cursed_spirit_grade_110":5,"jujutsucraft:curse_user_1":2,"jujutsucraft:yoshino_junpei":2,"jujutsucraft:shigemo_haruta":1,"jujutsucraft:panda_normal":7,"jujutsucraft:cursed_spirit_grade_317":2,"jujutsucraft:cursed_spirit_grade_314":2,"jujutsucraft:cursed_spirit_grade_04":3,"jujutsucraft:cursed_spirit_grade_32":2,"jujutsucraft:cursed_spirit_grade_34":2,"jujutsucraft:cursed_spirit_grade_27":1,"jujutsucraft:cursed_spirit_grade_210":1,"jujutsucraft:jujutsu_sorcerer":4},"minecraft:crafted":{"minecraft:oak_planks":88,"minecraft:crafting_table":2,"minecraft:wooden_pickaxe":1,"minecraft:stone_axe":1,"minecraft:oak_boat":2,"minecraft:stick":8,"minecraft:stone_pickaxe":2,"minecraft:stone_sword":1}},"DataVersion":3465}