{"stats":{"minecraft:mined":{"minecraft:orange_terracotta":6,"minecraft:crafting_table":3,"minecraft:grass_block":3,"minecraft:dead_bush":45,"minecraft:cobblestone":7,"minecraft:red_terracotta":16,"minecraft:coarse_dirt":2,"minecraft:iron_ore":1,"minecraft:pumpkin":1,"minecraft:grass":10,"minecraft:oak_log":22,"minecraft:coal_ore":3,"minecraft:dirt":5,"minecraft:sand":2,"minecraft:terracotta":15,"minecraft:stone":24,"minecraft:oak_leaves":11},"minecraft:killed":{"jujutsucraft:cursed_spirit_grade_33":2,"jujutsucraft:stevenson_screen":1,"jujutsucraft:cursed_spirit_grade_318":5,"jujutsucraft:cursed_spirit_grade_316":3,"jujutsucraft:curse_user":1,"minecraft:sheep":4,"jujutsucraft:cursed_spirit_grade_39":3,"jujutsucraft:cursed_spirit_grade_312":1,"jujutsucraft:cursed_spirit_grade_36":3,"jujutsucraft:cursed_spirit_grade_315":4,"jujutsucraft:cursed_spirit_grade_34":4,"jujutsucraft:cursed_spirit_grade_319":3},"minecraft:broken":{"minecraft:wooden_pickaxe":1},"minecraft:used":{"minecraft:stone_sword":18,"minecraft:stone_pickaxe":15,"minecraft:oak_planks":4,"minecraft:wooden_pickaxe":59,"jujutsucraft:uniform_normal_boots":2,"minecraft:dirt":8,"minecraft:sand":2,"jujutsucraft:uniform_gojo_boots":1,"minecraft:crafting_table":4,"jujutsucraft:uniform_normal_chestplate":1,"minecraft:stone_axe":27,"minecraft:cobblestone":13,"jujutsucraft:uniform_normal_leggings":1,"minecraft:oak_boat":2,"minecraft:coarse_dirt":3},"minecraft:picked_up":{"minecraft:coarse_dirt":3,"minecraft:crafting_table":3,"jujutsucraft:uniform_gojo_boots":1,"jujutsucraft:cursed_technique_changer":3,"jujutsucraft:item_master_physical_gifted":1,"minecraft:oak_log":22,"minecraft:dirt":8,"minecraft:orange_terracotta":6,"automobility:automobile":1,"minecraft:stick":30,"minecraft:raw_iron":1,"minecraft:pumpkin":1,"minecraft:sand":2,"minecraft:red_terracotta":16,"minecraft:terracotta":15,"minecraft:oak_sapling":1,"minecraft:mutton":5,"minecraft:coal":3,"minecraft:white_wool":3,"minecraft:cobblestone":31},"minecraft:dropped":{"minecraft:stone_pickaxe":1},"minecraft:custom":{"minecraft:mob_kills":34,"minecraft:interact_with_crafting_table":6,"minecraft:damage_dealt_resisted":3372,"minecraft:leave_game":1,"minecraft:time_since_death":73,"minecraft:damage_resisted":155,"minecraft:time_since_rest":89,"minecraft:sprint_one_cm":610091,"minecraft:damage_taken":5426,"minecraft:walk_one_cm":339541,"minecraft:drop":1,"minecraft:damage_dealt":246,"minecraft:swim_one_cm":2508,"minecraft:fly_one_cm":653124,"minecraft:player_kills":6,"minecraft:crouch_one_cm":1202,"minecraft:play_time":57473,"minecraft:deaths":15,"minecraft:sneak_time":783,"minecraft:walk_under_water_one_cm":1927,"minecraft:jump":1702,"minecraft:walk_on_water_one_cm":3624,"minecraft:total_world_time":57473,"minecraft:fall_one_cm":45037},"minecraft:killed_by":{"minecraft:player":5,"jujutsucraft:cursed_spirit_grade_312":2,"jujutsucraft:mimiko":1,"jujutsucraft:cursed_spirit_grade_33":1,"jujutsucraft:yoshino_junpei":1,"jujutsucraft:cursed_spirit_grade_34":1,"jujutsucraft:cursed_spirit_grade_27":1,"jujutsucraft:cursed_spirit_grade_210":1,"jujutsucraft:jujutsu_sorcerer":2},"minecraft:crafted":{"minecraft:oak_planks":88,"minecraft:crafting_table":2,"minecraft:wooden_pickaxe":1,"minecraft:stone_axe":1,"minecraft:oak_boat":2,"minecraft:stick":8,"minecraft:stone_pickaxe":2,"minecraft:stone_sword":1}},"DataVersion":3465}