{"stats":{"minecraft:killed":{"jujutsucraft:cursed_spirit_grade_39":2,"jujutsucraft:cursed_spirit_grade_312":1,"jujutsucraft:stevenson_screen":1,"jujutsucraft:cursed_spirit_grade_36":1,"jujutsucraft:cursed_spirit_grade_315":1,"jujutsucraft:cursed_spirit_grade_318":5,"jujutsucraft:cursed_spirit_grade_316":3,"jujutsucraft:cursed_spirit_grade_34":4,"jujutsucraft:cursed_spirit_grade_319":3},"minecraft:mined":{"minecraft:red_terracotta":16,"minecraft:coarse_dirt":2,"minecraft:orange_terracotta":6,"minecraft:pumpkin":1,"minecraft:crafting_table":2,"minecraft:grass":7,"minecraft:grass_block":3,"minecraft:oak_log":22,"minecraft:dead_bush":45,"minecraft:dirt":5,"minecraft:terracotta":15,"minecraft:stone":21,"minecraft:oak_leaves":11},"minecraft:broken":{"minecraft:wooden_pickaxe":1},"minecraft:used":{"minecraft:stone_sword":15,"minecraft:wooden_pickaxe":59,"jujutsucraft:uniform_normal_boots":2,"minecraft:stone_axe":27,"minecraft:dirt":8,"jujutsucraft:uniform_gojo_boots":1,"minecraft:crafting_table":3,"jujutsucraft:uniform_normal_leggings":1,"minecraft:oak_boat":1,"minecraft:coarse_dirt":3,"jujutsucraft:uniform_normal_chestplate":1},"minecraft:picked_up":{"minecraft:crafting_table":2,"minecraft:stick":30,"minecraft:coarse_dirt":3,"jujutsucraft:uniform_gojo_boots":1,"minecraft:pumpkin":1,"jujutsucraft:cursed_technique_changer":3,"jujutsucraft:item_master_physical_gifted":1,"minecraft:oak_log":22,"minecraft:red_terracotta":16,"minecraft:dirt":8,"minecraft:orange_terracotta":6,"automobility:automobile":1,"minecraft:terracotta":15,"minecraft:oak_sapling":1,"minecraft:cobblestone":21},"minecraft:dropped":{"minecraft:stone_pickaxe":1},"minecraft:custom":{"minecraft:time_since_rest":10722,"minecraft:sprint_one_cm":564946,"minecraft:damage_taken":4798,"minecraft:walk_one_cm":319311,"minecraft:mob_kills":21,"minecraft:drop":1,"minecraft:damage_dealt":54,"minecraft:interact_with_crafting_table":5,"minecraft:fly_one_cm":584268,"minecraft:player_kills":6,"minecraft:crouch_one_cm":1202,"minecraft:play_time":51473,"minecraft:deaths":13,"minecraft:sneak_time":780,"minecraft:jump":1574,"minecraft:damage_dealt_resisted":2575,"minecraft:walk_on_water_one_cm":22,"minecraft:leave_game":1,"minecraft:time_since_death":10694,"minecraft:total_world_time":51473,"minecraft:fall_one_cm":37657},"minecraft:killed_by":{"jujutsucraft:yoshino_junpei":1,"minecraft:player":5,"jujutsucraft:cursed_spirit_grade_312":2,"jujutsucraft:cursed_spirit_grade_34":1,"jujutsucraft:cursed_spirit_grade_33":1,"jujutsucraft:cursed_spirit_grade_27":1,"jujutsucraft:cursed_spirit_grade_210":1,"jujutsucraft:jujutsu_sorcerer":1},"minecraft:crafted":{"minecraft:oak_boat":1,"minecraft:oak_planks":24,"minecraft:crafting_table":2,"minecraft:stick":8,"minecraft:wooden_pickaxe":1,"minecraft:stone_pickaxe":2,"minecraft:stone_sword":1,"minecraft:stone_axe":1}},"DataVersion":3465}