{"stats":{"minecraft:mined":{"minecraft:red_terracotta":16,"minecraft:coarse_dirt":1,"minecraft:orange_terracotta":6,"minecraft:pumpkin":1,"minecraft:crafting_table":1,"minecraft:grass_block":3,"minecraft:oak_log":11,"minecraft:dead_bush":1,"minecraft:terracotta":15,"minecraft:stone":21,"minecraft:oak_leaves":3},"minecraft:broken":{"minecraft:wooden_pickaxe":1},"minecraft:used":{"minecraft:wooden_pickaxe":59,"jujutsucraft:uniform_normal_boots":1,"minecraft:stone_axe":8,"minecraft:crafting_table":2,"jujutsucraft:uniform_normal_leggings":1,"minecraft:coarse_dirt":1,"jujutsucraft:uniform_normal_chestplate":1},"minecraft:picked_up":{"minecraft:coarse_dirt":2,"minecraft:stick":1,"minecraft:crafting_table":1,"minecraft:pumpkin":1,"jujutsucraft:cursed_technique_changer":2,"minecraft:oak_log":11,"minecraft:red_terracotta":16,"minecraft:dirt":3,"minecraft:orange_terracotta":6,"automobility:automobile":1,"minecraft:terracotta":15,"minecraft:oak_sapling":1,"minecraft:cobblestone":21},"minecraft:dropped":{"minecraft:stone_pickaxe":1},"minecraft:custom":{"minecraft:time_since_rest":15712,"minecraft:sprint_one_cm":164401,"minecraft:damage_taken":102,"minecraft:walk_one_cm":92650,"minecraft:drop":1,"minecraft:damage_dealt":10,"minecraft:interact_with_crafting_table":4,"minecraft:fly_one_cm":176333,"minecraft:crouch_one_cm":636,"minecraft:play_time":15712,"minecraft:sneak_time":712,"minecraft:jump":534,"minecraft:time_since_death":15712,"minecraft:total_world_time":15712,"minecraft:fall_one_cm":7619},"minecraft:crafted":{"minecraft:oak_planks":20,"minecraft:crafting_table":1,"minecraft:stick":8,"minecraft:wooden_pickaxe":1,"minecraft:stone_pickaxe":2,"minecraft:stone_sword":1,"minecraft:stone_axe":1}},"DataVersion":3465}