{"stats":{"minecraft:mined":{"minecraft:grass_block":1,"minecraft:coarse_dirt":1},"minecraft:used":{"jujutsucraft:uniform_normal_boots":1,"minecraft:coarse_dirt":1,"jujutsucraft:uniform_normal_chestplate":1,"jujutsucraft:uniform_normal_leggings":1},"minecraft:picked_up":{"jujutsucraft:cursed_technique_changer":2,"minecraft:coarse_dirt":2,"automobility:automobile":1,"minecraft:dirt":1},"minecraft:custom":{"minecraft:jump":123,"minecraft:time_since_rest":3712,"minecraft:crouch_one_cm":192,"minecraft:sprint_one_cm":30954,"minecraft:play_time":3712,"minecraft:time_since_death":3712,"minecraft:walk_one_cm":26566,"minecraft:sneak_time":55,"minecraft:total_world_time":3712,"minecraft:fall_one_cm":3044,"minecraft:fly_one_cm":47489}},"DataVersion":3465}