{"stats":{"minecraft:killed":{"jujutsucraft:cursed_spirit_grade_39":1,"jujutsucraft:cursed_spirit_grade_33":12,"jujutsucraft:cursed_spirit_grade_314":1,"jujutsucraft:crow":1,"jujutsucraft:nue":1,"jujutsucraft:cursed_spirit_grade_310":1,"jujutsucraft:divine_dog_black":1,"jujutsucraft:cursed_spirit_grade_24":1,"jujutsucraft:rozetsu_shikigami":1,"jujutsucraft:round_deer":1,"jujutsucraft:cursed_spirit_grade_317":2,"jujutsucraft:cursed_spirit_grade_318":2,"jujutsucraft:cursed_spirit_grade_212":1,"jujutsucraft:cursed_spirit_grade_34":4},"minecraft:picked_up":{"jujutsucraft:mahoraga_body_helmet":1,"minecraft:crafting_table":1,"jujutsucraft:uniform_normal_boots":1,"jujutsucraft:uniform_normal_chestplate":1,"minecraft:dirt":13,"jujutsucraft:uniform_normal_leggings":1,"minecraft:wheat_seeds":1},"minecraft:killed_by":{"jujutsucraft:cursed_spirit_grade_36":1,"jujutsucraft:q":1,"jujutsucraft:tiger_funeral":1,"jujutsucraft:cursed_spirit_grade_39":1,"minecraft:player":3,"jujutsucraft:cursed_spirit_grade_312":1,"jujutsucraft:uraume":1,"jujutsucraft:curse_user":2,"jujutsucraft:nue":1,"jujutsucraft:cursed_spirit_grade_212":2},"minecraft:mined":{"minecraft:light_blue_stained_glass_pane":2,"minecraft:glass_pane":4,"minecraft:blue_stained_glass_pane":9,"minecraft:blue_stained_glass":4,"minecraft:crafting_table":1,"minecraft:grass":12,"minecraft:gray_stained_glass":4,"minecraft:dirt":14,"minecraft:glass":4},"minecraft:used":{"jujutsucraft:uniform_normal_boots":2,"minecraft:dirt":10,"minecraft:crafting_table":1,"jujutsucraft:uniform_normal_leggings":2,"jujutsucraft:uniform_normal_chestplate":2},"minecraft:custom":{"minecraft:time_since_rest":5516,"minecraft:interact_with_furnace":1,"minecraft:sprint_one_cm":445441,"minecraft:damage_taken":6148,"minecraft:walk_one_cm":278228,"minecraft:mob_kills":31,"minecraft:damage_dealt":3969,"minecraft:swim_one_cm":1863,"minecraft:interact_with_crafting_table":2,"minecraft:fly_one_cm":451412,"minecraft:open_chest":2,"minecraft:crouch_one_cm":5099,"minecraft:play_time":39786,"minecraft:deaths":15,"minecraft:sneak_time":521,"minecraft:walk_under_water_one_cm":397,"minecraft:jump":985,"minecraft:damage_dealt_resisted":27309,"minecraft:walk_on_water_one_cm":2279,"minecraft:time_since_death":5489,"minecraft:total_world_time":39786,"minecraft:climb_one_cm":10789,"minecraft:damage_resisted":3389,"minecraft:fall_one_cm":34822}},"DataVersion":3465}