{"stats":{"minecraft:mined":{"minecraft:crafting_table":1,"minecraft:grass_block":2,"minecraft:dead_bush":2,"minecraft:red_terracotta":4,"minecraft:coarse_dirt":1,"minecraft:grass":5,"minecraft:oak_log":5,"minecraft:dirt":3,"minecraft:terracotta":4,"minecraft:stone":13,"minecraft:oak_leaves":12},"minecraft:killed":{"jujutsucraft:mimiko":1,"jujutsucraft:cursed_spirit_grade_32":13,"jujutsucraft:cursed_spirit_grade_31":5,"jujutsucraft:cursed_spirit_grade_33":27,"jujutsucraft:stevenson_screen":2,"jujutsucraft:nanako":1,"jujutsucraft:earthen_insect_trance":2,"jujutsucraft:cursed_spirit_grade_35":2,"jujutsucraft:cursed_spirit_grade_318":5,"jujutsucraft:cursed_spirit_grade_316":3,"jujutsucraft:curse_user_1":1,"jujutsucraft:cursed_spirit_grade_22":1,"jujutsucraft:curse_user":2,"jujutsucraft:transfigured_human_2":1,"minecraft:sheep":7,"jujutsucraft:cursed_spirit_grade_29":1,"jujutsucraft:cursed_spirit_grade_39":13,"jujutsucraft:shigemo_haruta":2,"jujutsucraft:cursed_spirit_grade_314":12,"jujutsucraft:cursed_spirit_grade_313":1,"jujutsucraft:crow":1,"jujutsucraft:cockroaches":17,"jujutsucraft:cursed_spirit_grade_311":1,"jujutsucraft:cursed_spirit_grade_310":3,"minecraft:chicken":1,"jujutsucraft:slicing_exorcism":1,"jujutsucraft:cursed_spirit_grade_17":1,"jujutsucraft:cursed_spirit_grade_36":14,"jujutsucraft:cursed_spirit_grade_317":22,"jujutsucraft:cursed_spirit_grade_315":14,"jujutsucraft:cockroach_larva":1,"jujutsucraft:cursed_spirit_grade_38":7,"jujutsucraft:cursed_spirit_grade_34":27,"jujutsucraft:cursed_spirit_grade_319":13},"minecraft:broken":{"minecraft:golden_sword":1,"minecraft:golden_boots":1,"minecraft:golden_leggings":1},"minecraft:used":{"minecraft:golden_boots":1,"minecraft:wooden_pickaxe":22,"jujutsucraft:uniform_normal_boots":2,"jujutsucraft:weapon_nanami":5,"jujutsucraft:nyoi_staff":5,"minecraft:dirt":2,"minecraft:crafting_table":1,"jujutsucraft:uniform_normal_chestplate":1,"minecraft:golden_leggings":1,"minecraft:golden_sword":34,"jujutsucraft:uniform_normal_leggings":2},"minecraft:picked_up":{"minecraft:crafting_table":1,"minecraft:coarse_dirt":1,"jujutsucraft:uniform_normal_boots":1,"jujutsucraft:cursed_technique_changer":2,"minecraft:oak_log":5,"minecraft:dirt":5,"jujutsucraft:weapon_nanami":1,"automobility:automobile_wheel":8,"automobility:automobile":2,"minecraft:wheat_seeds":1,"minecraft:stick":9,"jujutsucraft:nyoi_staff":1,"automobility:automobile_engine":2,"minecraft:vine":1,"minecraft:red_terracotta":3,"automobility:automobile_frame":2,"minecraft:terracotta":4,"minecraft:mutton":9,"minecraft:white_wool":7,"minecraft:cobblestone":13},"minecraft:dropped":{"automobility:automobile":1},"minecraft:custom":{"minecraft:mob_kills":239,"minecraft:interact_with_crafting_table":1,"minecraft:damage_dealt_resisted":23046,"minecraft:leave_game":4,"minecraft:time_since_death":7315,"minecraft:climb_one_cm":150,"minecraft:damage_resisted":5620,"minecraft:time_since_rest":7336,"minecraft:sprint_one_cm":1458472,"minecraft:damage_taken":24232,"minecraft:walk_one_cm":738528,"minecraft:drop":1,"minecraft:damage_dealt":4126,"minecraft:damage_dealt_absorbed":11872,"minecraft:swim_one_cm":71147,"minecraft:fly_one_cm":1562930,"minecraft:player_kills":17,"minecraft:open_chest":3,"minecraft:crouch_one_cm":1147,"minecraft:play_time":112182,"minecraft:deaths":60,"minecraft:sneak_time":629,"minecraft:walk_under_water_one_cm":6923,"minecraft:jump":2715,"minecraft:walk_on_water_one_cm":25725,"minecraft:total_world_time":112182,"minecraft:fall_one_cm":123508},"minecraft:crafted":{"minecraft:oak_planks":20,"minecraft:crafting_table":1,"minecraft:wooden_pickaxe":1,"minecraft:stick":4},"minecraft:killed_by":{"jujutsucraft:zenin_maki":2,"jujutsucraft:cursed_spirit_grade_25":1,"jujutsucraft:cursed_spirit_grade_24":2,"minecraft:player":21,"jujutsucraft:inumaki_toge":1,"jujutsucraft:cursed_spirit_grade_14":1,"jujutsucraft:cursed_spirit_grade_11":1,"jujutsucraft:cursed_spirit_grade_313":1,"jujutsucraft:negi_toshihisa":1,"jujutsucraft:cursed_spirit_grade_17":2,"jujutsucraft:uraume":3,"jujutsucraft:mimiko":1,"jujutsucraft:cursed_spirit_grade_22":3,"jujutsucraft:cursed_spirit_grade_211":1,"jujutsucraft:curse_user_1":1,"jujutsucraft:yoshino_junpei":2,"jujutsucraft:shigemo_haruta":2,"jujutsucraft:cursed_spirit_grade_314":2,"jujutsucraft:cursed_spirit_grade_315":3,"jujutsucraft:cursed_spirit_grade_29":2,"jujutsucraft:cursed_spirit_grade_04":3,"jujutsucraft:eight_handled_swrod_divergent_sila_divine_general_mahoraga":1,"jujutsucraft:cursed_spirit_grade_210":1,"jujutsucraft:jujutsu_sorcerer":1}},"DataVersion":3465}