{"stats":{"minecraft:mined":{"minecraft:dead_bush":2},"minecraft:used":{"jujutsucraft:uniform_normal_leggings":1,"jujutsucraft:uniform_normal_boots":1,"jujutsucraft:uniform_normal_chestplate":1},"minecraft:picked_up":{"minecraft:stick":4,"automobility:automobile":2,"jujutsucraft:cursed_technique_changer":2},"minecraft:dropped":{"automobility:automobile":1},"minecraft:custom":{"minecraft:time_since_rest":1880,"minecraft:crouch_one_cm":980,"minecraft:play_time":14745,"minecraft:sprint_one_cm":151271,"minecraft:walk_one_cm":63736,"minecraft:damage_taken":3036,"minecraft:deaths":10,"minecraft:sneak_time":527,"minecraft:drop":1,"minecraft:damage_dealt_resisted":820,"minecraft:jump":76,"minecraft:time_since_death":1845,"minecraft:total_world_time":14745,"minecraft:fall_one_cm":4581,"minecraft:fly_one_cm":44948,"minecraft:player_kills":3},"minecraft:killed_by":{"minecraft:player":9}},"DataVersion":3465}