{"stats":{"minecraft:mined":{"minecraft:spruce_planks":1,"minecraft:jungle_leaves":2,"minecraft:grass_block":2,"minecraft:jungle_planks":4,"minecraft:jungle_log":34,"minecraft:furnace":1,"automobility:automobile_assembler":1,"minecraft:vine":1,"minecraft:packed_ice":2,"minecraft:stone":29,"minecraft:spruce_slab":3,"minecraft:crafting_table":4,"minecraft:dead_bush":2,"minecraft:copper_ore":6,"minecraft:sugar_cane":2,"minecraft:oak_planks":3,"minecraft:red_terracotta":4,"minecraft:coarse_dirt":1,"minecraft:grass":7,"minecraft:oak_log":21,"minecraft:coal_ore":36,"minecraft:dirt":4,"minecraft:terracotta":4,"minecraft:oak_leaves":21},"minecraft:killed":{"jujutsucraft:mimiko":1,"jujutsucraft:cursed_spirit_grade_32":14,"jujutsucraft:cursed_spirit_grade_31":5,"jujutsucraft:cursed_spirit_grade_33":30,"jujutsucraft:stevenson_screen":3,"jujutsucraft:nanako":1,"jujutsucraft:earthen_insect_trance":2,"jujutsucraft:cursed_spirit_grade_35":2,"jujutsucraft:cursed_spirit_grade_318":9,"jujutsucraft:cursed_spirit_grade_316":3,"minecraft:cod":4,"jujutsucraft:cursed_spirit_grade_22":1,"jujutsucraft:transfigured_human_2":1,"jujutsucraft:cursed_spirit_grade_39":14,"jujutsucraft:shigemo_haruta":2,"jujutsucraft:cursed_spirit_grade_312":1,"jujutsucraft:cursed_spirit_grade_313":1,"minecraft:chicken":2,"jujutsucraft:cockroach_larva":1,"jujutsucraft:cursed_spirit_grade_317":22,"jujutsucraft:cursed_spirit_grade_38":7,"jujutsucraft:cursed_spirit_grade_34":30,"minecraft:tropical_fish":3,"jujutsucraft:jujutsu_sorcerer":1,"minecraft:salmon":5,"jujutsucraft:awasaka_jiro":1,"jujutsucraft:curse_user_1":3,"jujutsucraft:curse_user":2,"minecraft:sheep":17,"jujutsucraft:cursed_spirit_grade_29":1,"jujutsucraft:cursed_spirit_grade_314":15,"jujutsucraft:crow":1,"jujutsucraft:cockroaches":17,"jujutsucraft:cursed_spirit_grade_311":2,"jujutsucraft:cursed_spirit_grade_310":5,"jujutsucraft:negi_toshihisa":1,"jujutsucraft:slicing_exorcism":1,"jujutsucraft:cursed_spirit_grade_17":1,"jujutsucraft:cursed_spirit_grade_36":17,"jujutsucraft:cursed_spirit_grade_315":15,"jujutsucraft:cursed_spirit_grade_319":13},"minecraft:broken":{"minecraft:golden_boots":1,"minecraft:golden_leggings":1,"minecraft:golden_sword":1},"minecraft:used":{"minecraft:spruce_slab":2,"jujutsucraft:weapon_nanami":6,"minecraft:oak_door":1,"minecraft:torch":20,"minecraft:dirt":6,"minecraft:jungle_planks":90,"automobility:automobile_assembler":1,"minecraft:jungle_sapling":1,"minecraft:golden_sword":34,"minecraft:furnace":1,"minecraft:golden_boots":1,"minecraft:stone_pickaxe":51,"minecraft:oak_planks":66,"minecraft:wooden_pickaxe":31,"jujutsucraft:uniform_normal_boots":2,"jujutsucraft:nyoi_staff":5,"minecraft:terracotta":4,"minecraft:vine":1,"minecraft:crafting_table":5,"minecraft:white_bed":1,"jujutsucraft:uniform_normal_chestplate":1,"minecraft:golden_leggings":1,"minecraft:stone_axe":80,"jujutsucraft:uniform_normal_leggings":2,"minecraft:oak_boat":3,"minecraft:coarse_dirt":1},"minecraft:picked_up":{"minecraft:coarse_dirt":1,"minecraft:crafting_table":4,"jujutsucraft:slaughter_demon":1,"minecraft:chicken":1,"jujutsucraft:uniform_normal_boots":1,"jujutsucraft:cursed_technique_changer":2,"minecraft:raw_copper":18,"automobility:automobile":2,"minecraft:oak_boat":3,"minecraft:jungle_sapling":1,"minecraft:spruce_slab":3,"minecraft:sugar_cane":2,"minecraft:furnace":1,"minecraft:stick":12,"automobility:automobile_assembler":1,"minecraft:vine":2,"automobility:automobile_frame":3,"minecraft:mutton":23,"minecraft:white_wool":17,"minecraft:cobblestone":29,"minecraft:air":0,"minecraft:jungle_log":32,"minecraft:oak_log":21,"minecraft:dirt":6,"automobility:automobile_wheel":12,"jujutsucraft:weapon_nanami":1,"minecraft:wheat_seeds":1,"minecraft:oak_planks":3,"jujutsucraft:nyoi_staff":1,"minecraft:jungle_planks":4,"automobility:automobile_engine":3,"jujutsucraft:uniform_normal_chestplate":1,"minecraft:red_terracotta":3,"minecraft:terracotta":4,"minecraft:coal":36},"minecraft:dropped":{"minecraft:vine":1,"minecraft:stick":1,"automobility:automobile":1,"minecraft:wooden_pickaxe":1},"minecraft:custom":{"minecraft:mob_kills":291,"minecraft:interact_with_crafting_table":12,"minecraft:damage_dealt_resisted":27281,"minecraft:leave_game":4,"minecraft:time_since_death":16982,"minecraft:climb_one_cm":3555,"minecraft:damage_resisted":6729,"minecraft:sprint_one_cm":1761089,"minecraft:walk_one_cm":887923,"minecraft:drop":4,"minecraft:damage_dealt_absorbed":15972,"minecraft:play_time":148182,"minecraft:deaths":61,"minecraft:sneak_time":824,"minecraft:walk_under_water_one_cm":26760,"minecraft:jump":3629,"minecraft:walk_on_water_one_cm":54360,"minecraft:total_world_time":148182,"minecraft:interact_with_furnace":1,"minecraft:sleep_in_bed":1,"minecraft:time_since_rest":3724,"minecraft:damage_taken":25912,"minecraft:damage_dealt":4204,"minecraft:swim_one_cm":158206,"minecraft:player_kills":17,"minecraft:fly_one_cm":2146425,"minecraft:open_chest":5,"minecraft:crouch_one_cm":4162,"minecraft:fall_one_cm":167143},"minecraft:crafted":{"minecraft:oak_door":3,"minecraft:oak_planks":84,"minecraft:furnace":1,"automobility:automobile_assembler":1,"minecraft:stone_pickaxe":1,"minecraft:crafting_table":1,"minecraft:wooden_pickaxe":1,"minecraft:copper_ingot":3,"minecraft:stone_axe":1,"minecraft:jungle_planks":128,"minecraft:oak_boat":1,"minecraft:stick":8,"minecraft:iron_ingot":3,"minecraft:iron_pickaxe":1,"minecraft:white_bed":1,"minecraft:torch":20},"minecraft:killed_by":{"jujutsucraft:cursed_spirit_grade_25":1,"jujutsucraft:cursed_spirit_grade_24":2,"minecraft:player":21,"jujutsucraft:cursed_spirit_grade_14":1,"jujutsucraft:cursed_spirit_grade_313":1,"jujutsucraft:cursed_spirit_grade_11":1,"jujutsucraft:cursed_spirit_grade_17":2,"jujutsucraft:mimiko":1,"jujutsucraft:cursed_spirit_grade_22":3,"jujutsucraft:cursed_spirit_grade_211":1,"jujutsucraft:curse_user_1":1,"jujutsucraft:yoshino_junpei":2,"jujutsucraft:cursed_spirit_grade_314":2,"jujutsucraft:cursed_spirit_grade_315":3,"jujutsucraft:cursed_spirit_grade_04":3,"jujutsucraft:zenin_maki":2,"jujutsucraft:inumaki_toge":1,"jujutsucraft:negi_toshihisa":2,"jujutsucraft:uraume":3,"jujutsucraft:shigemo_haruta":2,"jujutsucraft:cursed_spirit_grade_29":2,"jujutsucraft:eight_handled_swrod_divergent_sila_divine_general_mahoraga":1,"jujutsucraft:cursed_spirit_grade_210":1,"jujutsucraft:jujutsu_sorcerer":1}},"DataVersion":3465}