{"stats":{"minecraft:mined":{"minecraft:dead_bush":2,"minecraft:oak_leaves":11},"minecraft:killed":{"jujutsucraft:cursed_spirit_grade_36":4,"jujutsucraft:cursed_spirit_grade_32":1,"jujutsucraft:cursed_spirit_grade_33":2,"jujutsucraft:cursed_spirit_grade_314":1,"jujutsucraft:cursed_spirit_grade_317":3,"jujutsucraft:cursed_spirit_grade_38":1,"jujutsucraft:curse_user_1":1},"minecraft:used":{"jujutsucraft:uniform_normal_leggings":1,"jujutsucraft:uniform_normal_boots":1,"jujutsucraft:uniform_normal_chestplate":1},"minecraft:picked_up":{"minecraft:stick":6,"automobility:automobile":2,"jujutsucraft:cursed_technique_changer":2},"minecraft:dropped":{"automobility:automobile":1},"minecraft:custom":{"minecraft:time_since_rest":625,"minecraft:crouch_one_cm":980,"minecraft:play_time":26745,"minecraft:sprint_one_cm":311567,"minecraft:walk_one_cm":189842,"minecraft:damage_taken":5953,"minecraft:deaths":19,"minecraft:sneak_time":531,"minecraft:mob_kills":20,"minecraft:drop":1,"minecraft:damage_dealt_resisted":2442,"minecraft:jump":195,"minecraft:damage_dealt":113,"minecraft:time_since_death":599,"minecraft:total_world_time":26745,"minecraft:fall_one_cm":8157,"minecraft:fly_one_cm":116454,"minecraft:player_kills":8},"minecraft:killed_by":{"jujutsucraft:cursed_spirit_grade_29":1,"jujutsucraft:cursed_spirit_grade_25":1,"jujutsucraft:curse_user_1":1,"jujutsucraft:yoshino_junpei":2,"minecraft:player":12,"jujutsucraft:jujutsu_sorcerer":1}},"DataVersion":3465}