{"stats":{"minecraft:mined":{"minecraft:grass_block":2,"minecraft:dead_bush":2,"minecraft:grass":5,"minecraft:dirt":3,"minecraft:oak_leaves":11},"minecraft:killed":{"jujutsucraft:mimiko":1,"jujutsucraft:cursed_spirit_grade_32":13,"jujutsucraft:cursed_spirit_grade_31":4,"jujutsucraft:cursed_spirit_grade_33":22,"jujutsucraft:stevenson_screen":2,"jujutsucraft:earthen_insect_trance":2,"jujutsucraft:cursed_spirit_grade_35":2,"jujutsucraft:cursed_spirit_grade_318":4,"jujutsucraft:cursed_spirit_grade_316":2,"jujutsucraft:curse_user_1":1,"jujutsucraft:transfigured_human_2":1,"minecraft:sheep":7,"jujutsucraft:cursed_spirit_grade_29":1,"jujutsucraft:cursed_spirit_grade_39":12,"jujutsucraft:shigemo_haruta":2,"jujutsucraft:cursed_spirit_grade_314":12,"jujutsucraft:cursed_spirit_grade_313":1,"jujutsucraft:crow":1,"jujutsucraft:cockroaches":17,"jujutsucraft:cursed_spirit_grade_311":1,"jujutsucraft:cursed_spirit_grade_310":3,"minecraft:chicken":1,"jujutsucraft:slicing_exorcism":1,"jujutsucraft:cursed_spirit_grade_17":1,"jujutsucraft:cursed_spirit_grade_36":14,"jujutsucraft:cursed_spirit_grade_317":20,"jujutsucraft:cursed_spirit_grade_315":13,"jujutsucraft:cockroach_larva":1,"jujutsucraft:cursed_spirit_grade_38":7,"jujutsucraft:cursed_spirit_grade_34":24,"jujutsucraft:cursed_spirit_grade_319":9},"minecraft:broken":{"minecraft:golden_sword":1,"minecraft:golden_boots":1,"minecraft:golden_leggings":1},"minecraft:used":{"minecraft:golden_boots":1,"jujutsucraft:uniform_normal_boots":2,"jujutsucraft:weapon_nanami":5,"jujutsucraft:nyoi_staff":5,"minecraft:dirt":2,"jujutsucraft:uniform_normal_chestplate":1,"minecraft:golden_leggings":1,"minecraft:golden_sword":34,"jujutsucraft:uniform_normal_leggings":2},"minecraft:picked_up":{"jujutsucraft:cursed_technique_changer":2,"minecraft:dirt":5,"jujutsucraft:weapon_nanami":1,"automobility:automobile_wheel":8,"automobility:automobile":2,"minecraft:wheat_seeds":1,"minecraft:stick":8,"jujutsucraft:nyoi_staff":1,"automobility:automobile_engine":2,"minecraft:vine":1,"automobility:automobile_frame":2,"minecraft:mutton":9,"minecraft:white_wool":7},"minecraft:dropped":{"automobility:automobile":1},"minecraft:custom":{"minecraft:mob_kills":215,"minecraft:damage_dealt_resisted":20264,"minecraft:leave_game":4,"minecraft:time_since_death":1421,"minecraft:climb_one_cm":150,"minecraft:damage_resisted":4258,"minecraft:time_since_rest":1440,"minecraft:sprint_one_cm":1286029,"minecraft:damage_taken":22188,"minecraft:walk_one_cm":679543,"minecraft:drop":1,"minecraft:damage_dealt":4126,"minecraft:damage_dealt_absorbed":9639,"minecraft:swim_one_cm":64070,"minecraft:fly_one_cm":1270442,"minecraft:player_kills":17,"minecraft:open_chest":3,"minecraft:crouch_one_cm":980,"minecraft:play_time":100182,"minecraft:deaths":57,"minecraft:sneak_time":550,"minecraft:walk_under_water_one_cm":6339,"minecraft:jump":2285,"minecraft:walk_on_water_one_cm":22482,"minecraft:total_world_time":100182,"minecraft:fall_one_cm":98163},"minecraft:killed_by":{"jujutsucraft:zenin_maki":2,"jujutsucraft:cursed_spirit_grade_25":1,"jujutsucraft:cursed_spirit_grade_24":2,"minecraft:player":21,"jujutsucraft:inumaki_toge":1,"jujutsucraft:cursed_spirit_grade_11":1,"jujutsucraft:cursed_spirit_grade_313":1,"jujutsucraft:negi_toshihisa":1,"jujutsucraft:cursed_spirit_grade_17":2,"jujutsucraft:uraume":3,"jujutsucraft:cursed_spirit_grade_22":2,"jujutsucraft:cursed_spirit_grade_211":1,"jujutsucraft:curse_user_1":1,"jujutsucraft:yoshino_junpei":2,"jujutsucraft:shigemo_haruta":2,"jujutsucraft:cursed_spirit_grade_314":2,"jujutsucraft:cursed_spirit_grade_315":3,"jujutsucraft:cursed_spirit_grade_29":2,"jujutsucraft:cursed_spirit_grade_04":3,"jujutsucraft:eight_handled_swrod_divergent_sila_divine_general_mahoraga":1,"jujutsucraft:cursed_spirit_grade_210":1,"jujutsucraft:jujutsu_sorcerer":1}},"DataVersion":3465}