{"stats":{"minecraft:mined":{"minecraft:grass":4,"minecraft:dead_bush":2,"minecraft:oak_leaves":11},"minecraft:killed":{"minecraft:sheep":3,"jujutsucraft:cursed_spirit_grade_32":2,"jujutsucraft:cursed_spirit_grade_39":6,"jujutsucraft:shigemo_haruta":1,"jujutsucraft:cursed_spirit_grade_31":2,"jujutsucraft:cursed_spirit_grade_33":12,"jujutsucraft:cursed_spirit_grade_313":1,"jujutsucraft:stevenson_screen":2,"jujutsucraft:cursed_spirit_grade_314":3,"jujutsucraft:crow":1,"jujutsucraft:cursed_spirit_grade_311":1,"minecraft:chicken":1,"jujutsucraft:cursed_spirit_grade_17":1,"jujutsucraft:cursed_spirit_grade_36":6,"jujutsucraft:cursed_spirit_grade_35":1,"jujutsucraft:cursed_spirit_grade_318":1,"jujutsucraft:cursed_spirit_grade_316":1,"jujutsucraft:cursed_spirit_grade_317":7,"jujutsucraft:cursed_spirit_grade_315":11,"jujutsucraft:curse_user_1":1,"jujutsucraft:cursed_spirit_grade_38":3,"jujutsucraft:cursed_spirit_grade_34":7,"jujutsucraft:cursed_spirit_grade_319":2,"jujutsucraft:transfigured_human_2":1},"minecraft:broken":{"minecraft:golden_sword":1,"minecraft:golden_boots":1,"minecraft:golden_leggings":1},"minecraft:used":{"minecraft:golden_boots":1,"jujutsucraft:uniform_normal_boots":1,"jujutsucraft:weapon_nanami":5,"minecraft:golden_leggings":1,"jujutsucraft:nyoi_staff":5,"minecraft:golden_sword":34,"jujutsucraft:uniform_normal_leggings":1,"jujutsucraft:uniform_normal_chestplate":1},"minecraft:picked_up":{"minecraft:stick":6,"jujutsucraft:nyoi_staff":1,"jujutsucraft:cursed_technique_changer":2,"jujutsucraft:weapon_nanami":1,"automobility:automobile":2,"minecraft:wheat_seeds":1,"minecraft:mutton":2,"minecraft:white_wool":3},"minecraft:dropped":{"automobility:automobile":1},"minecraft:custom":{"minecraft:time_since_rest":4764,"minecraft:sprint_one_cm":614850,"minecraft:damage_taken":9220,"minecraft:walk_one_cm":370078,"minecraft:mob_kills":84,"minecraft:drop":1,"minecraft:damage_dealt":3083,"minecraft:damage_dealt_absorbed":2654,"minecraft:swim_one_cm":50495,"minecraft:player_kills":9,"minecraft:fly_one_cm":578383,"minecraft:open_chest":3,"minecraft:crouch_one_cm":980,"minecraft:play_time":56745,"minecraft:deaths":25,"minecraft:sneak_time":550,"minecraft:walk_under_water_one_cm":2900,"minecraft:jump":1133,"minecraft:damage_dealt_resisted":9579,"minecraft:walk_on_water_one_cm":11155,"minecraft:time_since_death":4734,"minecraft:total_world_time":56745,"minecraft:damage_resisted":546,"minecraft:fall_one_cm":46257},"minecraft:killed_by":{"jujutsucraft:cursed_spirit_grade_25":1,"jujutsucraft:curse_user_1":1,"jujutsucraft:cursed_spirit_grade_24":2,"jujutsucraft:yoshino_junpei":2,"minecraft:player":12,"jujutsucraft:cursed_spirit_grade_314":1,"jujutsucraft:cursed_spirit_grade_315":2,"jujutsucraft:cursed_spirit_grade_17":1,"jujutsucraft:cursed_spirit_grade_29":1,"jujutsucraft:jujutsu_sorcerer":1}},"DataVersion":3465}