{"stats":{"minecraft:mined":{"minecraft:grass_block":2,"minecraft:dead_bush":2,"minecraft:grass":5,"minecraft:dirt":3,"minecraft:oak_leaves":11},"minecraft:killed":{"jujutsucraft:mimiko":1,"jujutsucraft:cursed_spirit_grade_32":8,"jujutsucraft:cursed_spirit_grade_31":4,"jujutsucraft:cursed_spirit_grade_33":21,"jujutsucraft:stevenson_screen":2,"jujutsucraft:earthen_insect_trance":2,"jujutsucraft:cursed_spirit_grade_35":1,"jujutsucraft:cursed_spirit_grade_318":2,"jujutsucraft:curse_user_1":1,"jujutsucraft:cursed_spirit_grade_316":2,"jujutsucraft:transfigured_human_2":1,"minecraft:sheep":7,"jujutsucraft:cursed_spirit_grade_39":9,"jujutsucraft:shigemo_haruta":2,"jujutsucraft:cursed_spirit_grade_314":6,"jujutsucraft:cursed_spirit_grade_313":1,"jujutsucraft:crow":1,"jujutsucraft:cockroaches":17,"jujutsucraft:cursed_spirit_grade_311":1,"minecraft:chicken":1,"jujutsucraft:cursed_spirit_grade_17":1,"jujutsucraft:cursed_spirit_grade_36":10,"jujutsucraft:cursed_spirit_grade_317":13,"jujutsucraft:cursed_spirit_grade_315":12,"jujutsucraft:cursed_spirit_grade_38":5,"jujutsucraft:cursed_spirit_grade_34":15,"jujutsucraft:cursed_spirit_grade_319":4},"minecraft:broken":{"minecraft:golden_sword":1,"minecraft:golden_boots":1,"minecraft:golden_leggings":1},"minecraft:used":{"minecraft:golden_boots":1,"jujutsucraft:uniform_normal_boots":2,"jujutsucraft:weapon_nanami":5,"jujutsucraft:nyoi_staff":5,"minecraft:dirt":2,"jujutsucraft:uniform_normal_chestplate":1,"minecraft:golden_leggings":1,"minecraft:golden_sword":34,"jujutsucraft:uniform_normal_leggings":2},"minecraft:picked_up":{"jujutsucraft:cursed_technique_changer":2,"minecraft:dirt":5,"jujutsucraft:weapon_nanami":1,"automobility:automobile_wheel":4,"automobility:automobile":2,"minecraft:wheat_seeds":1,"minecraft:stick":6,"jujutsucraft:nyoi_staff":1,"automobility:automobile_engine":1,"minecraft:vine":1,"automobility:automobile_frame":1,"minecraft:mutton":9,"minecraft:white_wool":7},"minecraft:dropped":{"automobility:automobile":1},"minecraft:custom":{"minecraft:mob_kills":159,"minecraft:damage_dealt_resisted":14214,"minecraft:time_since_death":322,"minecraft:climb_one_cm":150,"minecraft:damage_resisted":1731,"minecraft:time_since_rest":355,"minecraft:sprint_one_cm":794221,"minecraft:damage_taken":13715,"minecraft:walk_one_cm":496545,"minecraft:drop":1,"minecraft:damage_dealt":4126,"minecraft:damage_dealt_absorbed":4600,"minecraft:swim_one_cm":56015,"minecraft:fly_one_cm":710032,"minecraft:player_kills":13,"minecraft:open_chest":3,"minecraft:crouch_one_cm":980,"minecraft:play_time":68745,"minecraft:deaths":35,"minecraft:sneak_time":550,"minecraft:walk_under_water_one_cm":6172,"minecraft:jump":1405,"minecraft:walk_on_water_one_cm":21505,"minecraft:total_world_time":68745,"minecraft:fall_one_cm":56171},"minecraft:killed_by":{"jujutsucraft:zenin_maki":1,"jujutsucraft:cursed_spirit_grade_25":1,"jujutsucraft:cursed_spirit_grade_24":2,"minecraft:player":12,"jujutsucraft:cursed_spirit_grade_17":1,"jujutsucraft:uraume":2,"jujutsucraft:cursed_spirit_grade_22":2,"jujutsucraft:curse_user_1":1,"jujutsucraft:yoshino_junpei":2,"jujutsucraft:shigemo_haruta":1,"jujutsucraft:cursed_spirit_grade_314":1,"jujutsucraft:cursed_spirit_grade_315":3,"jujutsucraft:cursed_spirit_grade_29":1,"jujutsucraft:cursed_spirit_grade_04":3,"jujutsucraft:jujutsu_sorcerer":1}},"DataVersion":3465}