{"stats":{"minecraft:used":{"jujutsucraft:uniform_normal_boots":1,"jujutsucraft:uniform_normal_chestplate":1,"jujutsucraft:uniform_normal_leggings":1},"minecraft:picked_up":{"jujutsucraft:cursed_technique_changer":2,"automobility:automobile":2},"minecraft:dropped":{"automobility:automobile":1},"minecraft:custom":{"minecraft:time_since_rest":2745,"minecraft:crouch_one_cm":142,"minecraft:sprint_one_cm":41,"minecraft:play_time":2745,"minecraft:time_since_death":2745,"minecraft:walk_one_cm":8532,"minecraft:sneak_time":426,"minecraft:total_world_time":2745,"minecraft:drop":1,"minecraft:fly_one_cm":237}},"DataVersion":3465}