{"stats":{"minecraft:mined":{"minecraft:spruce_planks":1,"minecraft:crafting_table":4,"minecraft:grass_block":2,"minecraft:jungle_log":1,"minecraft:dead_bush":2,"minecraft:copper_ore":6,"minecraft:red_terracotta":4,"minecraft:coarse_dirt":1,"minecraft:furnace":1,"automobility:automobile_assembler":1,"minecraft:grass":5,"minecraft:coal_ore":36,"minecraft:oak_log":5,"minecraft:dirt":4,"minecraft:terracotta":4,"minecraft:stone":29,"minecraft:spruce_slab":3,"minecraft:oak_leaves":13},"minecraft:killed":{"jujutsucraft:mimiko":1,"jujutsucraft:cursed_spirit_grade_32":13,"jujutsucraft:cursed_spirit_grade_31":5,"jujutsucraft:cursed_spirit_grade_33":29,"jujutsucraft:stevenson_screen":2,"jujutsucraft:nanako":1,"jujutsucraft:earthen_insect_trance":2,"jujutsucraft:awasaka_jiro":1,"jujutsucraft:cursed_spirit_grade_35":2,"jujutsucraft:cursed_spirit_grade_318":9,"minecraft:cod":4,"jujutsucraft:cursed_spirit_grade_316":3,"jujutsucraft:curse_user_1":3,"jujutsucraft:cursed_spirit_grade_22":1,"jujutsucraft:curse_user":2,"jujutsucraft:transfigured_human_2":1,"minecraft:sheep":7,"jujutsucraft:cursed_spirit_grade_29":1,"jujutsucraft:cursed_spirit_grade_39":14,"jujutsucraft:shigemo_haruta":2,"jujutsucraft:cursed_spirit_grade_312":1,"jujutsucraft:cursed_spirit_grade_314":12,"jujutsucraft:cursed_spirit_grade_313":1,"jujutsucraft:crow":1,"jujutsucraft:cockroaches":17,"jujutsucraft:cursed_spirit_grade_311":2,"jujutsucraft:cursed_spirit_grade_310":5,"jujutsucraft:negi_toshihisa":1,"minecraft:chicken":1,"jujutsucraft:slicing_exorcism":1,"jujutsucraft:cursed_spirit_grade_17":1,"jujutsucraft:cursed_spirit_grade_36":17,"jujutsucraft:cursed_spirit_grade_317":22,"jujutsucraft:cursed_spirit_grade_315":14,"jujutsucraft:cockroach_larva":1,"jujutsucraft:cursed_spirit_grade_38":7,"jujutsucraft:cursed_spirit_grade_34":27,"jujutsucraft:cursed_spirit_grade_319":13,"minecraft:tropical_fish":3},"minecraft:broken":{"minecraft:golden_sword":1,"minecraft:golden_boots":1,"minecraft:golden_leggings":1},"minecraft:used":{"minecraft:golden_boots":1,"minecraft:stone_pickaxe":51,"minecraft:wooden_pickaxe":31,"jujutsucraft:uniform_normal_boots":2,"jujutsucraft:weapon_nanami":5,"jujutsucraft:nyoi_staff":5,"minecraft:dirt":6,"minecraft:vine":1,"minecraft:crafting_table":4,"minecraft:jungle_planks":1,"automobility:automobile_assembler":1,"jujutsucraft:uniform_normal_chestplate":1,"minecraft:golden_leggings":1,"minecraft:stone_axe":10,"minecraft:golden_sword":34,"minecraft:furnace":1,"jujutsucraft:uniform_normal_leggings":2,"minecraft:oak_boat":3,"minecraft:coarse_dirt":1},"minecraft:picked_up":{"minecraft:crafting_table":4,"minecraft:coarse_dirt":1,"minecraft:air":0,"minecraft:jungle_log":1,"jujutsucraft:uniform_normal_boots":1,"jujutsucraft:cursed_technique_changer":2,"minecraft:oak_log":5,"minecraft:dirt":6,"minecraft:raw_copper":18,"jujutsucraft:weapon_nanami":1,"automobility:automobile_wheel":12,"automobility:automobile":2,"minecraft:wheat_seeds":1,"minecraft:oak_boat":3,"minecraft:spruce_slab":3,"minecraft:furnace":1,"minecraft:stick":9,"jujutsucraft:nyoi_staff":1,"automobility:automobile_assembler":1,"automobility:automobile_engine":3,"minecraft:vine":2,"minecraft:red_terracotta":3,"automobility:automobile_frame":3,"minecraft:terracotta":4,"minecraft:mutton":9,"minecraft:coal":36,"minecraft:white_wool":7,"minecraft:cobblestone":29},"minecraft:dropped":{"minecraft:vine":1,"automobility:automobile":1},"minecraft:custom":{"minecraft:interact_with_furnace":1,"minecraft:mob_kills":264,"minecraft:interact_with_crafting_table":8,"minecraft:damage_dealt_resisted":26154,"minecraft:leave_game":4,"minecraft:time_since_death":25315,"minecraft:climb_one_cm":150,"minecraft:damage_resisted":6013,"minecraft:time_since_rest":25336,"minecraft:sprint_one_cm":1509204,"minecraft:damage_taken":24824,"minecraft:walk_one_cm":805498,"minecraft:drop":2,"minecraft:damage_dealt":4126,"minecraft:damage_dealt_absorbed":13786,"minecraft:swim_one_cm":126016,"minecraft:fly_one_cm":1698147,"minecraft:player_kills":17,"minecraft:open_chest":5,"minecraft:crouch_one_cm":1542,"minecraft:play_time":130182,"minecraft:deaths":60,"minecraft:sneak_time":672,"minecraft:walk_under_water_one_cm":21040,"minecraft:jump":2959,"minecraft:walk_on_water_one_cm":42459,"minecraft:total_world_time":130182,"minecraft:fall_one_cm":132654},"minecraft:crafted":{"minecraft:oak_planks":20,"minecraft:crafting_table":1,"minecraft:wooden_pickaxe":1,"minecraft:furnace":1,"minecraft:copper_ingot":3,"minecraft:stone_axe":1,"minecraft:jungle_planks":4,"automobility:automobile_assembler":1,"minecraft:oak_boat":1,"minecraft:iron_pickaxe":1,"minecraft:stick":4,"minecraft:iron_ingot":3,"minecraft:stone_pickaxe":1,"minecraft:white_bed":1},"minecraft:killed_by":{"jujutsucraft:zenin_maki":2,"jujutsucraft:cursed_spirit_grade_25":1,"jujutsucraft:cursed_spirit_grade_24":2,"minecraft:player":21,"jujutsucraft:inumaki_toge":1,"jujutsucraft:cursed_spirit_grade_14":1,"jujutsucraft:cursed_spirit_grade_11":1,"jujutsucraft:cursed_spirit_grade_313":1,"jujutsucraft:negi_toshihisa":1,"jujutsucraft:cursed_spirit_grade_17":2,"jujutsucraft:uraume":3,"jujutsucraft:mimiko":1,"jujutsucraft:cursed_spirit_grade_22":3,"jujutsucraft:cursed_spirit_grade_211":1,"jujutsucraft:curse_user_1":1,"jujutsucraft:yoshino_junpei":2,"jujutsucraft:shigemo_haruta":2,"jujutsucraft:cursed_spirit_grade_314":2,"jujutsucraft:cursed_spirit_grade_315":3,"jujutsucraft:cursed_spirit_grade_29":2,"jujutsucraft:cursed_spirit_grade_04":3,"jujutsucraft:eight_handled_swrod_divergent_sila_divine_general_mahoraga":1,"jujutsucraft:cursed_spirit_grade_210":1,"jujutsucraft:jujutsu_sorcerer":1}},"DataVersion":3465}