{"stats":{"minecraft:picked_up":{"minecraft:crafting_table":4,"minecraft:coarse_dirt":1,"jujutsucraft:slaughter_demon":2,"minecraft:chicken":3,"jujutsucraft:uniform_normal_boots":3,"minecraft:gold_block":1,"jujutsucraft:cursed_technique_changer":2,"minecraft:raw_copper":18,"automobility:automobile":2,"minecraft:gold_nugget":81,"minecraft:beef":5,"minecraft:oak_boat":3,"minecraft:jungle_sapling":1,"minecraft:spruce_slab":3,"minecraft:light_gray_wool":2,"minecraft:sugar_cane":20,"minecraft:furnace":1,"minecraft:stick":12,"automobility:automobile_assembler":1,"minecraft:porkchop":1,"minecraft:vine":2,"automobility:automobile_frame":3,"minecraft:mutton":31,"minecraft:white_wool":34,"minecraft:cobblestone":40,"minecraft:air":0,"minecraft:feather":5,"minecraft:jungle_log":32,"minecraft:leather":2,"minecraft:oak_log":21,"minecraft:dirt":6,"jujutsucraft:weapon_nanami":1,"automobility:automobile_wheel":12,"minecraft:wheat_seeds":1,"jujutsucraft:item_master_domain_amplification":1,"minecraft:oak_planks":3,"jujutsucraft:nyoi_staff":1,"minecraft:stone_brick_slab":4,"automobility:automobile_engine":3,"minecraft:jungle_planks":33,"jujutsucraft:uniform_normal_chestplate":1,"minecraft:white_bed":1,"minecraft:red_terracotta":3,"minecraft:mossy_stone_brick_slab":2,"minecraft:diamond":5,"minecraft:terracotta":4,"minecraft:coal":36},"minecraft:dropped":{"minecraft:vine":1,"minecraft:porkchop":1,"minecraft:feather":1,"minecraft:jungle_planks":29,"minecraft:stick":3,"automobility:automobile":1,"minecraft:stone_brick_slab":4,"minecraft:oak_door":2,"minecraft:sugar_cane":2,"minecraft:mossy_stone_brick_slab":2,"minecraft:spruce_slab":1,"minecraft:wooden_pickaxe":1},"minecraft:crafted":{"minecraft:oak_door":3,"minecraft:oak_planks":84,"minecraft:furnace":1,"automobility:automobile_assembler":1,"minecraft:stone_pickaxe":1,"minecraft:chest":1,"minecraft:crafting_table":1,"minecraft:wooden_pickaxe":1,"minecraft:copper_ingot":3,"minecraft:stone_axe":1,"minecraft:jungle_planks":128,"minecraft:oak_boat":1,"minecraft:stick":8,"minecraft:iron_ingot":3,"minecraft:iron_pickaxe":1,"minecraft:white_bed":1,"minecraft:torch":20},"minecraft:broken":{"minecraft:golden_helmet":1,"minecraft:golden_boots":1,"minecraft:golden_leggings":1,"minecraft:golden_sword":1},"minecraft:mined":{"minecraft:nether_gold_ore":23,"minecraft:diamond_ore":5,"minecraft:spruce_planks":1,"minecraft:white_bed":1,"minecraft:mossy_stone_brick_slab":1,"minecraft:jungle_leaves":2,"minecraft:granite":1,"minecraft:grass_block":2,"minecraft:jungle_planks":4,"minecraft:jungle_log":34,"minecraft:furnace":1,"automobility:automobile_assembler":1,"minecraft:gold_block":1,"minecraft:vine":1,"minecraft:packed_ice":2,"minecraft:stone":29,"minecraft:spruce_slab":3,"minecraft:blackstone":16,"minecraft:basalt":46,"minecraft:stone_brick_slab":5,"minecraft:crafting_table":4,"minecraft:dead_bush":2,"minecraft:copper_ore":6,"minecraft:sugar_cane":9,"minecraft:oak_planks":3,"minecraft:red_terracotta":4,"minecraft:coarse_dirt":1,"minecraft:stone_brick_stairs":2,"minecraft:grass":12,"minecraft:oak_log":21,"minecraft:coal_ore":36,"minecraft:dirt":4,"minecraft:cracked_stone_bricks":4,"minecraft:terracotta":5,"minecraft:stone_bricks":7,"minecraft:netherrack":45,"minecraft:mossy_stone_bricks":1,"minecraft:oak_leaves":22},"minecraft:custom":{"minecraft:mob_kills":413,"minecraft:interact_with_crafting_table":13,"minecraft:damage_dealt_resisted":45195,"minecraft:leave_game":21,"minecraft:time_since_death":1981,"minecraft:climb_one_cm":9706,"minecraft:damage_resisted":13428,"minecraft:sprint_one_cm":3075501,"minecraft:walk_one_cm":1386124,"minecraft:drop":17,"minecraft:damage_dealt_absorbed":24717,"minecraft:play_time":246032,"minecraft:deaths":77,"minecraft:sneak_time":938,"minecraft:walk_under_water_one_cm":34635,"minecraft:jump":5817,"minecraft:walk_on_water_one_cm":115042,"minecraft:total_world_time":246032,"minecraft:interact_with_furnace":1,"minecraft:sleep_in_bed":1,"minecraft:time_since_rest":2324,"minecraft:damage_taken":35957,"minecraft:damage_dealt":4555,"minecraft:player_kills":18,"minecraft:swim_one_cm":215564,"minecraft:fly_one_cm":3594541,"minecraft:open_chest":10,"minecraft:crouch_one_cm":5383,"minecraft:fall_one_cm":268205},"minecraft:killed":{"jujutsucraft:mimiko":2,"jujutsucraft:cursed_spirit_grade_32":23,"jujutsucraft:cursed_spirit_grade_31":7,"jujutsucraft:cursed_spirit_grade_33":37,"jujutsucraft:stevenson_screen":3,"jujutsucraft:nanako":4,"jujutsucraft:cursed_spirit_grade_24":1,"jujutsucraft:earthen_insect_trance":2,"jujutsucraft:cursed_spirit_grade_37":1,"jujutsucraft:cursed_spirit_grade_35":3,"jujutsucraft:cursed_spirit_grade_318":17,"jujutsucraft:cursed_spirit_grade_316":6,"minecraft:cod":4,"jujutsucraft:cursed_spirit_grade_22":1,"jujutsucraft:transfigured_human_2":2,"jujutsucraft:cursed_spirit_grade_39":22,"jujutsucraft:shigemo_haruta":2,"jujutsucraft:cursed_spirit_grade_312":2,"jujutsucraft:cursed_spirit_grade_313":5,"minecraft:chicken":7,"jujutsucraft:cursed_spirit_grade_317":23,"jujutsucraft:cockroach_larva":1,"jujutsucraft:cursed_spirit_grade_38":8,"jujutsucraft:cursed_spirit_grade_34":31,"jujutsucraft:transfigured_human_1":2,"minecraft:tropical_fish":3,"minecraft:ocelot":2,"jujutsucraft:cursed_spirit_grade_210":2,"minecraft:pig":2,"jujutsucraft:jujutsu_sorcerer":1,"minecraft:salmon":14,"jujutsucraft:awasaka_jiro":1,"jujutsucraft:curse_user_1":7,"jujutsucraft:cursed_spirit_grade_211":1,"jujutsucraft:curse_user":2,"minecraft:squid":1,"minecraft:sheep":18,"jujutsucraft:cursed_spirit_grade_29":1,"jujutsucraft:cursed_spirit_grade_314":26,"jujutsucraft:crow":6,"jujutsucraft:cockroaches":17,"jujutsucraft:cursed_spirit_grade_311":3,"jujutsucraft:cursed_spirit_grade_310":8,"jujutsucraft:negi_toshihisa":1,"jujutsucraft:slicing_exorcism":1,"jujutsucraft:cursed_spirit_grade_17":1,"jujutsucraft:cursed_spirit_grade_36":21,"jujutsucraft:cursed_spirit_grade_315":18,"jujutsucraft:cursed_spirit_grade_319":17,"jujutsucraft:q":2,"minecraft:cow":2},"minecraft:used":{"minecraft:spruce_slab":2,"jujutsucraft:slaughter_demon":2,"minecraft:chest":1,"jujutsucraft:weapon_nanami":10,"minecraft:oak_door":1,"minecraft:torch":20,"minecraft:dirt":6,"minecraft:jungle_planks":90,"automobility:automobile_assembler":1,"minecraft:jungle_sapling":1,"minecraft:golden_sword":34,"minecraft:furnace":1,"minecraft:golden_boots":1,"minecraft:stone_pickaxe":51,"minecraft:oak_planks":66,"minecraft:wooden_pickaxe":31,"jujutsucraft:uniform_normal_boots":2,"minecraft:sugar_cane":2,"jujutsucraft:nyoi_staff":5,"minecraft:terracotta":4,"minecraft:vine":1,"minecraft:crafting_table":5,"minecraft:white_bed":1,"jujutsucraft:uniform_normal_chestplate":1,"minecraft:iron_pickaxe":157,"minecraft:golden_leggings":1,"minecraft:stone_axe":81,"minecraft:fire_charge":1,"jujutsucraft:uniform_normal_leggings":2,"minecraft:oak_boat":3,"minecraft:coarse_dirt":1},"minecraft:killed_by":{"jujutsucraft:cursed_spirit_grade_25":1,"jujutsucraft:cursed_spirit_grade_24":3,"jujutsucraft:itadori_yuji":1,"minecraft:player":21,"jujutsucraft:cursed_spirit_grade_16":1,"jujutsucraft:cursed_spirit_grade_14":1,"jujutsucraft:cursed_spirit_grade_313":1,"jujutsucraft:cursed_spirit_grade_11":1,"jujutsucraft:cursed_spirit_grade_17":2,"jujutsucraft:mimiko":1,"jujutsucraft:cursed_spirit_grade_03":2,"jujutsucraft:cursed_spirit_grade_22":3,"jujutsucraft:cursed_spirit_grade_211":1,"jujutsucraft:curse_user_1":5,"jujutsucraft:yoshino_junpei":2,"jujutsucraft:panda_normal":1,"jujutsucraft:cursed_spirit_grade_314":2,"jujutsucraft:cursed_spirit_grade_315":3,"jujutsucraft:cursed_spirit_grade_04":3,"jujutsucraft:curse_user":1,"jujutsucraft:zenin_maki":2,"jujutsucraft:inumaki_toge":1,"jujutsucraft:negi_toshihisa":2,"jujutsucraft:uraume":3,"jujutsucraft:ishigori_ryu":1,"jujutsucraft:q":1,"jujutsucraft:shigemo_haruta":3,"jujutsucraft:cursed_spirit_grade_29":3,"jujutsucraft:eight_handled_swrod_divergent_sila_divine_general_mahoraga":1,"jujutsucraft:cursed_spirit_grade_210":1,"jujutsucraft:jujutsu_sorcerer":2}},"DataVersion":3465}