{"stats":{"minecraft:mined":{"minecraft:grass":4,"minecraft:dead_bush":2,"minecraft:oak_leaves":11},"minecraft:killed":{"jujutsucraft:cursed_spirit_grade_32":1,"jujutsucraft:cursed_spirit_grade_33":2,"jujutsucraft:stevenson_screen":2,"jujutsucraft:cursed_spirit_grade_314":1,"jujutsucraft:cursed_spirit_grade_311":1,"minecraft:chicken":1,"jujutsucraft:cursed_spirit_grade_17":1,"jujutsucraft:cursed_spirit_grade_36":4,"jujutsucraft:cursed_spirit_grade_317":3,"jujutsucraft:cursed_spirit_grade_315":1,"jujutsucraft:curse_user_1":1,"jujutsucraft:cursed_spirit_grade_38":1,"jujutsucraft:cursed_spirit_grade_34":1},"minecraft:used":{"minecraft:golden_boots":1,"jujutsucraft:uniform_normal_boots":1,"minecraft:golden_leggings":1,"jujutsucraft:nyoi_staff":4,"minecraft:golden_sword":12,"jujutsucraft:uniform_normal_leggings":1,"jujutsucraft:uniform_normal_chestplate":1},"minecraft:picked_up":{"minecraft:stick":6,"jujutsucraft:nyoi_staff":1,"jujutsucraft:cursed_technique_changer":2,"jujutsucraft:weapon_nanami":1,"automobility:automobile":2,"minecraft:wheat_seeds":1},"minecraft:dropped":{"automobility:automobile":1},"minecraft:custom":{"minecraft:time_since_rest":10257,"minecraft:sprint_one_cm":398044,"minecraft:damage_taken":6701,"minecraft:walk_one_cm":222438,"minecraft:mob_kills":27,"minecraft:drop":1,"minecraft:damage_dealt":373,"minecraft:swim_one_cm":10565,"minecraft:player_kills":8,"minecraft:fly_one_cm":265966,"minecraft:open_chest":2,"minecraft:crouch_one_cm":980,"minecraft:play_time":38745,"minecraft:deaths":21,"minecraft:sneak_time":531,"minecraft:walk_under_water_one_cm":1093,"minecraft:jump":465,"minecraft:damage_dealt_resisted":4184,"minecraft:walk_on_water_one_cm":4422,"minecraft:time_since_death":10226,"minecraft:total_world_time":38745,"minecraft:fall_one_cm":20021},"minecraft:killed_by":{"jujutsucraft:cursed_spirit_grade_25":1,"jujutsucraft:curse_user_1":1,"jujutsucraft:yoshino_junpei":2,"minecraft:player":12,"jujutsucraft:cursed_spirit_grade_315":1,"jujutsucraft:cursed_spirit_grade_17":1,"jujutsucraft:cursed_spirit_grade_29":1,"jujutsucraft:jujutsu_sorcerer":1}},"DataVersion":3465}