{"stats":{"minecraft:mined":{"minecraft:white_bed":1,"minecraft:glass_pane":6,"minecraft:crafting_table":2,"minecraft:grass_block":6,"minecraft:dead_bush":3,"minecraft:tall_grass":3,"minecraft:cobblestone":2,"minecraft:iron_ore":37,"minecraft:grass":21,"minecraft:oak_log":6,"minecraft:dirt":9,"minecraft:stone":12,"minecraft:oak_leaves":5},"minecraft:killed":{"jujutsucraft:mimiko":1,"jujutsucraft:cursed_spirit_grade_32":9,"jujutsucraft:transfigured_human_3":2,"jujutsucraft:cursed_spirit_grade_210":2,"jujutsucraft:cursed_spirit_grade_31":3,"jujutsucraft:cursed_spirit_grade_33":32,"jujutsucraft:stevenson_screen":4,"minecraft:pig":1,"jujutsucraft:nanako":2,"jujutsucraft:cursed_spirit_grade_37":2,"jujutsucraft:cursed_spirit_grade_35":1,"jujutsucraft:cursed_spirit_grade_318":9,"jujutsucraft:cursed_spirit_grade_211":1,"jujutsucraft:curse_user_1":9,"jujutsucraft:cursed_spirit_grade_316":8,"jujutsucraft:great_serpent":1,"jujutsucraft:miwa_kasumi":1,"minecraft:sheep":8,"jujutsucraft:panda_gorilla":1,"jujutsucraft:cursed_spirit_grade_39":14,"jujutsucraft:shigemo_haruta":1,"jujutsucraft:cursed_spirit_grade_314":16,"jujutsucraft:cursed_spirit_grade_312":3,"jujutsucraft:cursed_spirit_grade_313":1,"jujutsucraft:entity_scissors":11,"jujutsucraft:crow":1,"jujutsucraft:cursed_spirit_grade_311":3,"jujutsucraft:cursed_spirit_grade_310":8,"jujutsucraft:negi_toshihisa":2,"jujutsucraft:cursed_spirit_grade_16":1,"jujutsucraft:slicing_exorcism":2,"jujutsucraft:toad":2,"jujutsucraft:cursed_spirit_grade_17":1,"jujutsucraft:cursed_spirit_grade_36":21,"jujutsucraft:cursed_spirit_grade_25":1,"jujutsucraft:cockroach_larva":1,"jujutsucraft:cursed_spirit_grade_317":14,"jujutsucraft:cursed_spirit_grade_315":9,"jujutsucraft:cursed_spirit_grade_212":1,"jujutsucraft:cursed_spirit_grade_38":9,"jujutsucraft:cursed_spirit_grade_34":38,"jujutsucraft:cursed_spirit_grade_319":16,"minecraft:villager":2,"jujutsucraft:q":1,"minecraft:cow":1},"minecraft:broken":{"minecraft:golden_helmet":1},"minecraft:used":{"jujutsucraft:sword_black":10,"minecraft:stone_sword":1,"minecraft:stone_pickaxe":41,"minecraft:wooden_pickaxe":14,"jujutsucraft:uniform_normal_boots":1,"minecraft:dirt":10,"jujutsucraft:uniform_gojo_boots":1,"minecraft:crafting_table":2,"minecraft:white_bed":1,"jujutsucraft:uniform_normal_chestplate":1,"jujutsucraft:g_staff":3,"minecraft:grass_block":1,"jujutsucraft:gavel_big":13,"jujutsucraft:uniform_normal_leggings":1,"jujutsucraft:gavel_long":4},"minecraft:picked_up":{"minecraft:crafting_table":2,"jujutsucraft:g_staff":1,"jujutsucraft:uniform_gojo_boots":1,"minecraft:feather":1,"minecraft:chicken":1,"minecraft:leather":1,"jujutsucraft:cursed_technique_changer":3,"minecraft:oak_log":5,"minecraft:dirt":15,"automobility:automobile":2,"jujutsucraft:knife":2,"minecraft:wheat_seeds":4,"jujutsucraft:sword_black":2,"minecraft:beef":3,"minecraft:stone_pickaxe":1,"minecraft:stick":4,"minecraft:raw_iron":34,"minecraft:porkchop":2,"jujutsucraft:gavel":1,"minecraft:vine":1,"minecraft:grass_block":1,"minecraft:white_bed":1,"minecraft:stone_sword":2,"minecraft:oak_sapling":1,"minecraft:mutton":12,"minecraft:white_wool":6,"minecraft:cobblestone":13},"minecraft:dropped":{"minecraft:stone_sword":2,"jujutsucraft:cursed_technique_changer":1,"minecraft:stone_pickaxe":1,"automobility:automobile":1},"minecraft:custom":{"minecraft:mob_kills":292,"minecraft:interact_with_crafting_table":2,"minecraft:damage_dealt_resisted":55049,"minecraft:leave_game":1,"minecraft:time_since_death":11201,"minecraft:climb_one_cm":1875,"minecraft:damage_resisted":15234,"minecraft:time_since_rest":11226,"minecraft:sprint_one_cm":1215205,"minecraft:damage_taken":22815,"minecraft:walk_one_cm":1205430,"minecraft:drop":5,"minecraft:damage_dealt":457,"minecraft:swim_one_cm":5599,"minecraft:damage_dealt_absorbed":3388,"minecraft:talked_to_villager":4,"minecraft:fly_one_cm":1596181,"minecraft:player_kills":16,"minecraft:open_chest":6,"minecraft:crouch_one_cm":1754,"minecraft:play_time":148420,"minecraft:deaths":44,"minecraft:sneak_time":1883,"minecraft:walk_under_water_one_cm":13269,"minecraft:jump":3431,"minecraft:walk_on_water_one_cm":61638,"minecraft:total_world_time":148420,"minecraft:fall_one_cm":143117},"minecraft:crafted":{"minecraft:oak_planks":20,"minecraft:crafting_table":1,"minecraft:wooden_pickaxe":1,"minecraft:stick":4,"minecraft:stone_pickaxe":1,"minecraft:stone_sword":1},"minecraft:killed_by":{"jujutsucraft:zenin_maki":2,"jujutsucraft:cursed_spirit_grade_25":1,"jujutsucraft:cursed_spirit_grade_38":2,"minecraft:player":18,"jujutsucraft:cursed_spirit_grade_14":2,"jujutsucraft:zenin_chojuro":1,"jujutsucraft:negi_toshihisa":1,"jujutsucraft:cursed_spirit_grade_17":2,"jujutsucraft:kamo_noritoshi":1,"jujutsucraft:uraume":2,"jujutsucraft:cursed_spirit_grade_22":1,"jujutsucraft:panda_gorilla":1,"jujutsucraft:curse_user_1":2,"jujutsucraft:yoshino_junpei":1,"jujutsucraft:shigemo_haruta":1,"jujutsucraft:cursed_spirit_grade_29":1,"jujutsucraft:cursed_spirit_grade_319":1,"jujutsucraft:cursed_spirit_grade_21":1,"jujutsucraft:cursed_spirit_grade_04":1,"jujutsucraft:curse_user":1}},"DataVersion":3465}