{"stats":{"minecraft:picked_up":{"minecraft:crafting_table":2,"minecraft:chicken":3,"jujutsucraft:uniform_normal_boots":1,"jujutsucraft:cursed_technique_changer":6,"automobility:automobile":2,"jujutsucraft:sword_black":2,"minecraft:beef":9,"jujutsucraft:sword_shigemo":1,"minecraft:poppy":1,"minecraft:stick":4,"minecraft:raw_iron":34,"minecraft:sandstone":9,"minecraft:porkchop":3,"jujutsucraft:gavel":1,"minecraft:vine":3,"minecraft:stone_pressure_plate":1,"minecraft:dark_oak_planks":2,"minecraft:stone_sword":2,"jujutsucraft:naginata":1,"minecraft:tropical_fish":1,"minecraft:mutton":12,"minecraft:white_wool":7,"minecraft:cobblestone":13,"minecraft:feather":3,"jujutsucraft:uniform_gojo_boots":4,"jujutsucraft:g_staff":1,"minecraft:cut_sandstone":1,"minecraft:leather":3,"minecraft:oak_log":7,"minecraft:cobblestone_stairs":1,"jujutsucraft:fester_life_blade":1,"minecraft:dirt":16,"minecraft:orange_terracotta":1,"jujutsucraft:pendant_todo_aoi":1,"minecraft:birch_pressure_plate":1,"jujutsucraft:knife":3,"minecraft:wheat_seeds":11,"jujutsucraft:mei_mei_axe":1,"minecraft:iron_ingot":4,"minecraft:stone_pickaxe":1,"minecraft:tall_grass":1,"jujutsucraft:sword_miwa_kasumi":1,"minecraft:iron_sword":1,"minecraft:dark_oak_stairs":1,"jujutsucraft:nyoi_staff":1,"minecraft:stone_brick_slab":2,"minecraft:sand":1,"minecraft:white_bed":1,"minecraft:grass_block":1,"jujutsucraft:uniform_q_chestplate":1,"minecraft:netherrack":1,"minecraft:oak_sapling":1,"minecraft:melon_seeds":2},"minecraft:dropped":{"minecraft:vine":1,"minecraft:wheat_seeds":5,"minecraft:golden_axe":1,"jujutsucraft:sword_black":1,"minecraft:leather":1,"minecraft:stick":3,"minecraft:dirt":5,"minecraft:mutton":3,"minecraft:cut_sandstone":1,"minecraft:golden_hoe":1,"minecraft:sand":2,"automobility:automobile":1,"minecraft:stone_brick_slab":1,"minecraft:gold_ingot":1,"jujutsucraft:nyoi_staff":1,"jujutsucraft:uniform_gojo_boots":1,"minecraft:stone_sword":3,"jujutsucraft:cursed_technique_changer":2,"minecraft:chicken":1,"jujutsucraft:naginata":1,"jujutsucraft:knife":3,"minecraft:oak_sapling":1,"minecraft:sandstone":3,"minecraft:wooden_pickaxe":1,"minecraft:stone_pickaxe":1},"minecraft:crafted":{"minecraft:oak_planks":28,"minecraft:stone_pickaxe":1,"minecraft:crafting_table":3,"minecraft:wooden_pickaxe":1,"minecraft:oak_boat":1,"minecraft:stick":4,"minecraft:stone_sword":1,"minecraft:gold_ingot":1,"minecraft:white_bed":1},"minecraft:broken":{"minecraft:golden_helmet":1},"minecraft:mined":{"minecraft:dark_oak_planks":2,"minecraft:light_gray_stained_glass_pane":2,"minecraft:stone_pressure_plate":1,"minecraft:white_bed":2,"minecraft:cobblestone_stairs":1,"minecraft:grass_block":6,"minecraft:sandstone":9,"minecraft:iron_ore":37,"minecraft:dark_oak_stairs":1,"minecraft:stone":12,"minecraft:cut_sandstone":1,"minecraft:glass_pane":6,"minecraft:orange_terracotta":1,"minecraft:crafting_table":2,"minecraft:dead_bush":3,"minecraft:tall_grass":3,"minecraft:cobblestone":2,"minecraft:grass":32,"minecraft:oak_log":8,"minecraft:sand":1,"minecraft:dirt":10,"minecraft:oak_leaves":5},"minecraft:custom":{"minecraft:mob_kills":958,"minecraft:interact_with_crafting_table":5,"minecraft:damage_dealt_resisted":300821,"minecraft:leave_game":3,"minecraft:time_since_death":820,"minecraft:climb_one_cm":9169,"minecraft:damage_resisted":92199,"minecraft:sprint_one_cm":5507132,"minecraft:walk_one_cm":3345832,"minecraft:drop":31,"minecraft:damage_dealt_absorbed":7417,"minecraft:talked_to_villager":13,"minecraft:play_time":383701,"minecraft:deaths":86,"minecraft:sneak_time":2051,"minecraft:walk_under_water_one_cm":43857,"minecraft:jump":7260,"minecraft:walk_on_water_one_cm":203772,"minecraft:total_world_time":383701,"minecraft:sleep_in_bed":2,"minecraft:time_since_rest":847,"minecraft:damage_taken":56369,"minecraft:trigger_trapped_chest":1,"minecraft:damage_dealt":2755,"minecraft:swim_one_cm":12212,"minecraft:fly_one_cm":4145604,"minecraft:player_kills":24,"minecraft:open_chest":92,"minecraft:crouch_one_cm":2186,"minecraft:fall_one_cm":475289},"minecraft:killed":{"jujutsucraft:mimiko":2,"jujutsucraft:cursed_spirit_grade_32":44,"jujutsucraft:transfigured_human_3":3,"jujutsucraft:cursed_spirit_grade_21":2,"jujutsucraft:cursed_spirit_grade_33":82,"jujutsucraft:cursed_spirit_grade_31":8,"jujutsucraft:stevenson_screen":9,"jujutsucraft:nue":1,"jujutsucraft:charles_bernard":1,"jujutsucraft:nanako":4,"jujutsucraft:cursed_spirit_grade_11":1,"jujutsucraft:doll_1":3,"jujutsucraft:cursed_spirit_grade_24":3,"jujutsucraft:tiger_funeral":1,"jujutsucraft:cursed_spirit_grade_37":2,"jujutsucraft:cursed_spirit_grade_35":12,"jujutsucraft:round_deer":1,"jujutsucraft:yoshino_junpei":2,"jujutsucraft:cursed_spirit_grade_318":39,"jujutsucraft:cursed_spirit_grade_26":1,"jujutsucraft:cursed_spirit_grade_316":14,"jujutsucraft:cursed_spirit_grade_22":2,"jujutsucraft:transfigured_human_2":2,"minecraft:pufferfish":9,"jujutsucraft:miwa_kasumi":1,"jujutsucraft:cursed_spirit_grade_39":47,"jujutsucraft:shigemo_haruta":4,"jujutsucraft:cursed_spirit_grade_312":12,"jujutsucraft:cursed_spirit_grade_313":6,"jujutsucraft:cursed_spirit_grade_15":2,"minecraft:chicken":4,"jujutsucraft:toad":2,"jujutsucraft:cursed_spirit_grade_16":2,"jujutsucraft:rabbit_escape":40,"jujutsucraft:panda_normal":1,"jujutsucraft:rozetsu_shikigami":3,"jujutsucraft:cursed_spirit_grade_23":1,"jujutsucraft:cursed_spirit_grade_317":38,"jujutsucraft:cockroach_larva":12,"jujutsucraft:cursed_spirit_grade_38":14,"jujutsucraft:cursed_spirit_grade_34":62,"jujutsucraft:nanami_kento":1,"jujutsucraft:transfigured_human_1":3,"minecraft:tropical_fish":27,"jujutsucraft:cursed_spirit_grade_27":2,"minecraft:cat":1,"jujutsucraft:cursed_spirit_grade_210":4,"minecraft:pig":3,"jujutsucraft:dagon_1":1,"jujutsucraft:ice_spear_2":7,"jujutsucraft:max_elephant":1,"jujutsucraft:jujutsu_sorcerer":1,"jujutsucraft:awasaka_jiro":3,"jujutsucraft:piercing_ox":1,"minecraft:iron_golem":1,"jujutsucraft:zenin_maki":1,"minecraft:wandering_trader":1,"jujutsucraft:curse_user_1":30,"jujutsucraft:cursed_spirit_grade_211":4,"jujutsucraft:curse_user":2,"jujutsucraft:great_serpent":2,"jujutsucraft:itadori_yuji":2,"minecraft:squid":1,"jujutsucraft:divine_dog_white":1,"minecraft:sheep":9,"jujutsucraft:panda_gorilla":2,"jujutsucraft:cursed_spirit_grade_29":6,"minecraft:trader_llama":2,"minecraft:pillager":1,"jujutsucraft:cursed_spirit_grade_314":46,"jujutsucraft:entity_scissors":32,"jujutsucraft:cursed_spirit_grade_14":1,"jujutsucraft:crow":7,"jujutsucraft:cursed_spirit_grade_311":16,"jujutsucraft:cursed_spirit_grade_310":23,"jujutsucraft:negi_toshihisa":4,"jujutsucraft:slicing_exorcism":2,"jujutsucraft:todo_aoi":1,"jujutsucraft:cursed_spirit_grade_17":3,"jujutsucraft:cursed_spirit_grade_36":52,"jujutsucraft:cursed_spirit_grade_25":6,"jujutsucraft:cursed_spirit_grade_110":1,"jujutsucraft:cursed_spirit_grade_315":38,"jujutsucraft:cursed_spirit_grade_212":3,"jujutsucraft:cursed_spirit_grade_319":26,"jujutsucraft:cursed_spirit_grade_06":1,"minecraft:villager":7,"jujutsucraft:q":11,"minecraft:cow":5},"minecraft:used":{"minecraft:stone_sword":1,"minecraft:iron_sword":1,"minecraft:dirt":11,"minecraft:grass_block":1,"jujutsucraft:gavel_big":13,"jujutsucraft:sword_black":10,"epicfight:skillbook":10,"minecraft:cobblestone_stairs":1,"minecraft:stone_pickaxe":55,"minecraft:sandstone":6,"minecraft:wooden_pickaxe":14,"jujutsucraft:uniform_normal_boots":1,"jujutsucraft:nyoi_staff":5,"minecraft:sand":7,"minecraft:vine":2,"jujutsucraft:uniform_gojo_boots":1,"minecraft:crafting_table":5,"minecraft:white_bed":2,"jujutsucraft:uniform_normal_chestplate":1,"jujutsucraft:g_staff":3,"jujutsucraft:fester_life_blade":11,"minecraft:cobblestone":8,"jujutsucraft:uniform_normal_leggings":1,"minecraft:oak_boat":1,"jujutsucraft:gavel_long":4,"epicfight:uchigatana":6},"minecraft:killed_by":{"jujutsucraft:cursed_spirit_grade_25":1,"jujutsucraft:cursed_spirit_grade_38":2,"minecraft:player":30,"jujutsucraft:cursed_spirit_grade_16":2,"jujutsucraft:cursed_spirit_grade_14":2,"jujutsucraft:kenjaku":1,"jujutsucraft:todo_aoi":3,"jujutsucraft:cursed_spirit_grade_12":2,"jujutsucraft:cursed_spirit_grade_17":2,"jujutsucraft:charles_bernard":1,"jujutsucraft:cursed_spirit_grade_22":4,"jujutsucraft:curse_user_1":3,"jujutsucraft:yoshino_junpei":1,"jujutsucraft:sukuna":1,"jujutsucraft:cursed_spirit_grade_319":1,"jujutsucraft:cursed_spirit_grade_04":1,"jujutsucraft:curse_user":1,"jujutsucraft:dagon_2":1,"jujutsucraft:cursed_spirit_grade_23":1,"jujutsucraft:zenin_maki":2,"jujutsucraft:hazenoki":1,"jujutsucraft:kurusu_hana":2,"jujutsucraft:reggie_star":1,"jujutsucraft:zenin_chojuro":1,"jujutsucraft:negi_toshihisa":1,"jujutsucraft:kamo_noritoshi":1,"jujutsucraft:uraume":3,"jujutsucraft:panda_gorilla":1,"jujutsucraft:shigemo_haruta":2,"jujutsucraft:cursed_spirit_grade_29":1,"jujutsucraft:cursed_spirit_grade_21":1,"jujutsucraft:eight_handled_swrod_divergent_sila_divine_general_mahoraga":3,"jujutsucraft:cursed_spirit_grade_02":1}},"DataVersion":3465}