{"stats":{"minecraft:mined":{"minecraft:white_bed":1,"minecraft:glass_pane":6,"minecraft:crafting_table":2,"minecraft:grass_block":6,"minecraft:dead_bush":3,"minecraft:cobblestone":2,"minecraft:grass":15,"minecraft:oak_log":6,"minecraft:dirt":9,"minecraft:stone":9,"minecraft:oak_leaves":5},"minecraft:killed":{"jujutsucraft:cursed_spirit_grade_32":6,"jujutsucraft:transfigured_human_3":1,"jujutsucraft:cursed_spirit_grade_210":1,"jujutsucraft:cursed_spirit_grade_31":1,"jujutsucraft:cursed_spirit_grade_33":15,"jujutsucraft:stevenson_screen":4,"minecraft:pig":1,"jujutsucraft:cursed_spirit_grade_37":1,"jujutsucraft:cursed_spirit_grade_35":1,"jujutsucraft:cursed_spirit_grade_318":8,"jujutsucraft:curse_user_1":2,"jujutsucraft:cursed_spirit_grade_316":2,"jujutsucraft:great_serpent":1,"minecraft:sheep":5,"jujutsucraft:panda_gorilla":1,"jujutsucraft:cursed_spirit_grade_39":7,"jujutsucraft:cursed_spirit_grade_314":8,"jujutsucraft:cursed_spirit_grade_312":2,"jujutsucraft:cursed_spirit_grade_313":1,"jujutsucraft:entity_scissors":5,"jujutsucraft:crow":1,"jujutsucraft:cursed_spirit_grade_311":2,"jujutsucraft:cursed_spirit_grade_310":7,"jujutsucraft:negi_toshihisa":1,"jujutsucraft:toad":2,"jujutsucraft:cursed_spirit_grade_36":12,"jujutsucraft:cursed_spirit_grade_317":7,"jujutsucraft:cursed_spirit_grade_315":4,"jujutsucraft:cursed_spirit_grade_38":4,"jujutsucraft:cursed_spirit_grade_34":18,"jujutsucraft:cursed_spirit_grade_319":9,"minecraft:villager":2,"jujutsucraft:q":1,"minecraft:cow":1},"minecraft:broken":{"minecraft:golden_helmet":1},"minecraft:used":{"jujutsucraft:sword_black":10,"minecraft:stone_sword":1,"minecraft:stone_pickaxe":1,"minecraft:wooden_pickaxe":14,"jujutsucraft:uniform_normal_boots":1,"minecraft:dirt":2,"jujutsucraft:uniform_gojo_boots":1,"minecraft:crafting_table":2,"jujutsucraft:uniform_normal_chestplate":1,"jujutsucraft:gavel_big":7,"jujutsucraft:uniform_normal_leggings":1,"jujutsucraft:gavel_long":4},"minecraft:picked_up":{"minecraft:crafting_table":2,"jujutsucraft:uniform_gojo_boots":1,"minecraft:feather":1,"minecraft:chicken":1,"minecraft:leather":1,"jujutsucraft:cursed_technique_changer":3,"minecraft:oak_log":5,"minecraft:dirt":15,"automobility:automobile":2,"jujutsucraft:knife":2,"jujutsucraft:sword_black":2,"minecraft:beef":3,"minecraft:stone_pickaxe":1,"minecraft:stick":3,"minecraft:porkchop":2,"jujutsucraft:gavel":1,"minecraft:white_bed":1,"minecraft:stone_sword":2,"minecraft:oak_sapling":1,"minecraft:mutton":9,"minecraft:white_wool":5,"minecraft:cobblestone":10},"minecraft:dropped":{"minecraft:stone_sword":2,"jujutsucraft:cursed_technique_changer":1,"minecraft:stone_pickaxe":1,"automobility:automobile":1},"minecraft:custom":{"minecraft:mob_kills":148,"minecraft:interact_with_crafting_table":2,"minecraft:damage_dealt_resisted":23441,"minecraft:leave_game":1,"minecraft:time_since_death":7794,"minecraft:climb_one_cm":1383,"minecraft:damage_resisted":5777,"minecraft:time_since_rest":7819,"minecraft:sprint_one_cm":663893,"minecraft:damage_taken":14235,"minecraft:walk_one_cm":782660,"minecraft:drop":5,"minecraft:damage_dealt":457,"minecraft:damage_dealt_absorbed":8,"minecraft:talked_to_villager":4,"minecraft:fly_one_cm":954982,"minecraft:player_kills":11,"minecraft:open_chest":4,"minecraft:crouch_one_cm":1754,"minecraft:play_time":94420,"minecraft:deaths":30,"minecraft:sneak_time":1882,"minecraft:walk_under_water_one_cm":3536,"minecraft:jump":1840,"minecraft:walk_on_water_one_cm":33349,"minecraft:total_world_time":94420,"minecraft:fall_one_cm":75557},"minecraft:crafted":{"minecraft:oak_planks":20,"minecraft:crafting_table":1,"minecraft:wooden_pickaxe":1,"minecraft:stick":4,"minecraft:stone_pickaxe":1,"minecraft:stone_sword":1},"minecraft:killed_by":{"jujutsucraft:zenin_maki":1,"jujutsucraft:cursed_spirit_grade_38":1,"minecraft:player":16,"jujutsucraft:cursed_spirit_grade_14":2,"jujutsucraft:uraume":2,"jujutsucraft:cursed_spirit_grade_22":1,"jujutsucraft:panda_gorilla":1,"jujutsucraft:curse_user_1":2,"jujutsucraft:yoshino_junpei":1,"jujutsucraft:cursed_spirit_grade_319":1,"jujutsucraft:curse_user":1}},"DataVersion":3465}