{"stats":{"minecraft:mined":{"minecraft:crafting_table":2,"minecraft:grass":2,"minecraft:oak_log":5,"minecraft:dead_bush":3,"minecraft:stone":9},"minecraft:killed":{"jujutsucraft:cursed_spirit_grade_32":2,"jujutsucraft:panda_gorilla":1,"jujutsucraft:transfigured_human_3":1,"jujutsucraft:cursed_spirit_grade_39":2,"jujutsucraft:cursed_spirit_grade_33":4,"jujutsucraft:stevenson_screen":2,"jujutsucraft:cursed_spirit_grade_314":1,"jujutsucraft:crow":1,"jujutsucraft:toad":2,"jujutsucraft:cursed_spirit_grade_36":2,"jujutsucraft:cursed_spirit_grade_317":1,"jujutsucraft:cursed_spirit_grade_315":2,"jujutsucraft:cursed_spirit_grade_316":1,"jujutsucraft:cursed_spirit_grade_34":3,"jujutsucraft:cursed_spirit_grade_319":2,"jujutsucraft:great_serpent":1,"minecraft:cow":1},"minecraft:used":{"minecraft:stone_sword":1,"minecraft:wooden_pickaxe":10,"jujutsucraft:uniform_normal_boots":1,"minecraft:crafting_table":2,"jujutsucraft:uniform_normal_leggings":1,"jujutsucraft:uniform_normal_chestplate":1},"minecraft:picked_up":{"minecraft:stick":1,"minecraft:crafting_table":2,"minecraft:feather":1,"minecraft:chicken":1,"minecraft:leather":1,"jujutsucraft:cursed_technique_changer":3,"minecraft:oak_log":5,"minecraft:stone_sword":2,"automobility:automobile":2,"jujutsucraft:knife":1,"jujutsucraft:sword_black":1,"minecraft:beef":3,"minecraft:stone_pickaxe":1,"minecraft:cobblestone":9},"minecraft:dropped":{"minecraft:stone_sword":2,"jujutsucraft:cursed_technique_changer":1,"minecraft:stone_pickaxe":1,"automobility:automobile":1},"minecraft:custom":{"minecraft:time_since_rest":12694,"minecraft:sprint_one_cm":314054,"minecraft:damage_taken":6070,"minecraft:walk_one_cm":378872,"minecraft:mob_kills":30,"minecraft:drop":5,"minecraft:damage_dealt":96,"minecraft:damage_dealt_absorbed":8,"minecraft:interact_with_crafting_table":2,"minecraft:fly_one_cm":320977,"minecraft:player_kills":9,"minecraft:open_chest":1,"minecraft:crouch_one_cm":1754,"minecraft:play_time":52420,"minecraft:deaths":18,"minecraft:sneak_time":1882,"minecraft:walk_under_water_one_cm":1642,"minecraft:jump":750,"minecraft:damage_dealt_resisted":5726,"minecraft:leave_game":1,"minecraft:walk_on_water_one_cm":10784,"minecraft:time_since_death":12659,"minecraft:climb_one_cm":1206,"minecraft:total_world_time":52420,"minecraft:damage_resisted":344,"minecraft:fall_one_cm":24876},"minecraft:crafted":{"minecraft:oak_planks":20,"minecraft:crafting_table":1,"minecraft:stick":4,"minecraft:wooden_pickaxe":1,"minecraft:stone_pickaxe":1,"minecraft:stone_sword":1},"minecraft:killed_by":{"jujutsucraft:curse_user_1":1,"jujutsucraft:yoshino_junpei":1,"jujutsucraft:cursed_spirit_grade_38":1,"minecraft:player":11,"jujutsucraft:cursed_spirit_grade_319":1,"jujutsucraft:curse_user":1,"jujutsucraft:panda_gorilla":1}},"DataVersion":3465}