{"stats":{"minecraft:killed":{"jujutsucraft:crow":1},"minecraft:mined":{"minecraft:grass":2,"minecraft:oak_log":5,"minecraft:dead_bush":3,"minecraft:stone":9,"minecraft:crafting_table":2},"minecraft:used":{"minecraft:stone_sword":1,"minecraft:crafting_table":2,"jujutsucraft:uniform_normal_leggings":1,"minecraft:wooden_pickaxe":10,"jujutsucraft:uniform_normal_boots":1,"jujutsucraft:uniform_normal_chestplate":1},"minecraft:picked_up":{"minecraft:crafting_table":2,"minecraft:stick":1,"minecraft:stone_sword":2,"automobility:automobile":2,"jujutsucraft:cursed_technique_changer":3,"minecraft:stone_pickaxe":1,"minecraft:oak_log":5,"minecraft:cobblestone":9},"minecraft:dropped":{"minecraft:stone_pickaxe":1,"minecraft:stone_sword":2,"automobility:automobile":1,"jujutsucraft:cursed_technique_changer":1},"minecraft:custom":{"minecraft:time_since_rest":17571,"minecraft:crouch_one_cm":474,"minecraft:play_time":17571,"minecraft:sprint_one_cm":41475,"minecraft:damage_taken":174,"minecraft:walk_one_cm":111019,"minecraft:sneak_time":1516,"minecraft:mob_kills":1,"minecraft:drop":5,"minecraft:jump":158,"minecraft:damage_dealt":60,"minecraft:time_since_death":17571,"minecraft:total_world_time":17571,"minecraft:interact_with_crafting_table":2,"minecraft:fall_one_cm":3148,"minecraft:fly_one_cm":31952},"minecraft:crafted":{"minecraft:stone_sword":1,"minecraft:oak_planks":20,"minecraft:crafting_table":1,"minecraft:stick":4,"minecraft:wooden_pickaxe":1,"minecraft:stone_pickaxe":1}},"DataVersion":3465}