{"stats":{"minecraft:mined":{"minecraft:white_bed":1,"minecraft:glass_pane":6,"minecraft:crafting_table":2,"minecraft:grass_block":6,"minecraft:dead_bush":3,"minecraft:cobblestone":2,"minecraft:grass":6,"minecraft:oak_log":6,"minecraft:dirt":9,"minecraft:stone":9,"minecraft:oak_leaves":5},"minecraft:killed":{"jujutsucraft:cursed_spirit_grade_32":4,"jujutsucraft:transfigured_human_3":1,"jujutsucraft:cursed_spirit_grade_210":1,"jujutsucraft:cursed_spirit_grade_31":1,"jujutsucraft:cursed_spirit_grade_33":9,"jujutsucraft:stevenson_screen":4,"minecraft:pig":1,"jujutsucraft:cursed_spirit_grade_37":1,"jujutsucraft:cursed_spirit_grade_35":1,"jujutsucraft:cursed_spirit_grade_318":4,"jujutsucraft:curse_user_1":1,"jujutsucraft:cursed_spirit_grade_316":1,"jujutsucraft:great_serpent":1,"minecraft:sheep":5,"jujutsucraft:panda_gorilla":1,"jujutsucraft:cursed_spirit_grade_39":5,"jujutsucraft:cursed_spirit_grade_314":7,"jujutsucraft:cursed_spirit_grade_312":2,"jujutsucraft:cursed_spirit_grade_313":1,"jujutsucraft:crow":1,"jujutsucraft:cursed_spirit_grade_311":2,"jujutsucraft:cursed_spirit_grade_310":5,"jujutsucraft:toad":2,"jujutsucraft:cursed_spirit_grade_36":12,"jujutsucraft:cursed_spirit_grade_317":7,"jujutsucraft:cursed_spirit_grade_315":4,"jujutsucraft:cursed_spirit_grade_38":1,"jujutsucraft:cursed_spirit_grade_34":11,"jujutsucraft:cursed_spirit_grade_319":6,"minecraft:villager":2,"minecraft:cow":1},"minecraft:used":{"jujutsucraft:sword_black":10,"minecraft:stone_sword":1,"minecraft:stone_pickaxe":1,"minecraft:wooden_pickaxe":14,"jujutsucraft:uniform_normal_boots":1,"minecraft:dirt":2,"minecraft:crafting_table":2,"jujutsucraft:uniform_normal_chestplate":1,"jujutsucraft:gavel_big":1,"jujutsucraft:uniform_normal_leggings":1,"jujutsucraft:gavel_long":4},"minecraft:picked_up":{"minecraft:crafting_table":2,"minecraft:feather":1,"minecraft:chicken":1,"minecraft:leather":1,"jujutsucraft:cursed_technique_changer":3,"minecraft:oak_log":5,"minecraft:dirt":15,"automobility:automobile":2,"jujutsucraft:knife":2,"jujutsucraft:sword_black":2,"minecraft:beef":3,"minecraft:stone_pickaxe":1,"minecraft:stick":3,"minecraft:porkchop":2,"jujutsucraft:gavel":1,"minecraft:white_bed":1,"minecraft:stone_sword":2,"minecraft:mutton":9,"minecraft:white_wool":5,"minecraft:cobblestone":10},"minecraft:dropped":{"minecraft:stone_sword":2,"jujutsucraft:cursed_technique_changer":1,"minecraft:stone_pickaxe":1,"automobility:automobile":1},"minecraft:custom":{"minecraft:mob_kills":107,"minecraft:interact_with_crafting_table":2,"minecraft:damage_dealt_resisted":15481,"minecraft:leave_game":1,"minecraft:time_since_death":30659,"minecraft:climb_one_cm":1383,"minecraft:damage_resisted":1717,"minecraft:time_since_rest":30694,"minecraft:sprint_one_cm":423152,"minecraft:damage_taken":8327,"minecraft:walk_one_cm":598721,"minecraft:drop":5,"minecraft:damage_dealt":157,"minecraft:damage_dealt_absorbed":8,"minecraft:talked_to_villager":4,"minecraft:fly_one_cm":464272,"minecraft:player_kills":9,"minecraft:open_chest":2,"minecraft:crouch_one_cm":1754,"minecraft:play_time":70420,"minecraft:deaths":18,"minecraft:sneak_time":1882,"minecraft:walk_under_water_one_cm":2274,"minecraft:jump":1042,"minecraft:walk_on_water_one_cm":14059,"minecraft:total_world_time":70420,"minecraft:fall_one_cm":32366},"minecraft:killed_by":{"jujutsucraft:cursed_spirit_grade_38":1,"minecraft:player":11,"jujutsucraft:panda_gorilla":1,"jujutsucraft:curse_user_1":1,"jujutsucraft:yoshino_junpei":1,"jujutsucraft:cursed_spirit_grade_319":1,"jujutsucraft:curse_user":1},"minecraft:crafted":{"minecraft:oak_planks":20,"minecraft:crafting_table":1,"minecraft:wooden_pickaxe":1,"minecraft:stick":4,"minecraft:stone_pickaxe":1,"minecraft:stone_sword":1}},"DataVersion":3465}