{"stats":{"minecraft:custom":{"minecraft:time_since_rest":14948,"minecraft:crouch_one_cm":283,"minecraft:play_time":15973,"minecraft:sprint_one_cm":20869,"minecraft:walk_one_cm":142819,"minecraft:damage_taken":525,"minecraft:deaths":2,"minecraft:sneak_time":62,"minecraft:mob_kills":57,"minecraft:drop":1,"minecraft:damage_dealt_resisted":9002,"minecraft:jump":35,"minecraft:damage_dealt":249,"minecraft:time_since_death":14919,"minecraft:total_world_time":15973,"minecraft:fall_one_cm":278,"minecraft:fly_one_cm":75262,"minecraft:player_kills":1},"minecraft:picked_up":{"minecraft:birch_door":1,"jujutsucraft:item_insect":2,"jujutsucraft:cursed_technique_changer":3,"jujutsucraft:uniform_q_chestplate":1,"jujutsucraft:uniform_normal_chestplate":2},"minecraft:killed":{"jujutsucraft:rabbit_escape":37,"jujutsucraft:mimiko":1,"jujutsucraft:cursed_spirit_grade_32":1,"jujutsucraft:toad_2":3,"jujutsucraft:cursed_spirit_grade_23":1,"minecraft:pillager":1,"jujutsucraft:cursed_spirit_grade_33":1,"jujutsucraft:cursed_spirit_grade_317":1,"jujutsucraft:cursed_spirit_grade_34":3,"jujutsucraft:divine_dog_white":5,"jujutsucraft:divine_dog_black":3},"minecraft:used":{"jujutsucraft:uniform_normal_leggings":1,"jujutsucraft:uniform_normal_helmet":1,"jujutsucraft:uniform_normal_chestplate":2},"minecraft:dropped":{"jujutsucraft:cursed_technique_changer":1},"minecraft:killed_by":{"jujutsucraft:q":2}},"DataVersion":3465}