{"stats":{"minecraft:used":{"jujutsucraft:uniform_normal_boots":1,"jujutsucraft:uniform_normal_chestplate":1,"jujutsucraft:uniform_normal_leggings":1},"minecraft:picked_up":{"jujutsucraft:cursed_technique_changer":3,"automobility:automobile":1},"minecraft:dropped":{"jujutsucraft:cursed_technique_changer":1},"minecraft:custom":{"minecraft:jump":25,"minecraft:time_since_rest":5571,"minecraft:sprint_one_cm":6279,"minecraft:play_time":5571,"minecraft:damage_taken":20,"minecraft:time_since_death":5571,"minecraft:walk_one_cm":26575,"minecraft:sneak_time":45,"minecraft:total_world_time":5571,"minecraft:drop":1,"minecraft:fly_one_cm":4312,"minecraft:fall_one_cm":902}},"DataVersion":3465}