{"stats":{"minecraft:mined":{"minecraft:crafting_table":2,"minecraft:grass_block":3,"minecraft:dead_bush":3,"minecraft:grass":6,"minecraft:oak_log":5,"minecraft:dirt":4,"minecraft:stone":9},"minecraft:killed":{"jujutsucraft:cursed_spirit_grade_32":4,"jujutsucraft:transfigured_human_3":1,"jujutsucraft:cursed_spirit_grade_210":1,"jujutsucraft:cursed_spirit_grade_31":1,"jujutsucraft:cursed_spirit_grade_33":7,"jujutsucraft:stevenson_screen":4,"jujutsucraft:cursed_spirit_grade_318":3,"jujutsucraft:cursed_spirit_grade_316":1,"jujutsucraft:great_serpent":1,"minecraft:sheep":5,"jujutsucraft:panda_gorilla":1,"jujutsucraft:cursed_spirit_grade_39":3,"jujutsucraft:cursed_spirit_grade_314":7,"jujutsucraft:cursed_spirit_grade_312":1,"jujutsucraft:cursed_spirit_grade_313":1,"jujutsucraft:crow":1,"jujutsucraft:cursed_spirit_grade_310":4,"jujutsucraft:toad":2,"jujutsucraft:cursed_spirit_grade_36":11,"jujutsucraft:cursed_spirit_grade_317":3,"jujutsucraft:cursed_spirit_grade_315":2,"jujutsucraft:cursed_spirit_grade_34":7,"jujutsucraft:cursed_spirit_grade_319":4,"minecraft:cow":1},"minecraft:used":{"jujutsucraft:sword_black":10,"minecraft:stone_sword":1,"minecraft:stone_pickaxe":1,"minecraft:wooden_pickaxe":10,"jujutsucraft:uniform_normal_boots":1,"minecraft:dirt":1,"minecraft:crafting_table":2,"jujutsucraft:uniform_normal_chestplate":1,"jujutsucraft:uniform_normal_leggings":1},"minecraft:picked_up":{"minecraft:crafting_table":2,"minecraft:feather":1,"minecraft:chicken":1,"minecraft:leather":1,"jujutsucraft:cursed_technique_changer":3,"minecraft:oak_log":5,"minecraft:dirt":7,"automobility:automobile":2,"jujutsucraft:knife":2,"jujutsucraft:sword_black":1,"minecraft:beef":3,"minecraft:stone_pickaxe":1,"minecraft:stick":1,"jujutsucraft:gavel":1,"minecraft:stone_sword":2,"minecraft:mutton":9,"minecraft:white_wool":5,"minecraft:cobblestone":9},"minecraft:dropped":{"minecraft:stone_sword":2,"jujutsucraft:cursed_technique_changer":1,"minecraft:stone_pickaxe":1,"automobility:automobile":1},"minecraft:custom":{"minecraft:mob_kills":77,"minecraft:interact_with_crafting_table":2,"minecraft:damage_dealt_resisted":10817,"minecraft:leave_game":1,"minecraft:time_since_death":18659,"minecraft:climb_one_cm":1383,"minecraft:damage_resisted":840,"minecraft:time_since_rest":18694,"minecraft:sprint_one_cm":370415,"minecraft:damage_taken":7008,"minecraft:walk_one_cm":466401,"minecraft:drop":5,"minecraft:damage_dealt":96,"minecraft:damage_dealt_absorbed":8,"minecraft:fly_one_cm":406350,"minecraft:player_kills":9,"minecraft:open_chest":1,"minecraft:crouch_one_cm":1754,"minecraft:play_time":58420,"minecraft:deaths":18,"minecraft:sneak_time":1882,"minecraft:walk_under_water_one_cm":2274,"minecraft:jump":912,"minecraft:walk_on_water_one_cm":14059,"minecraft:total_world_time":58420,"minecraft:fall_one_cm":29937},"minecraft:killed_by":{"jujutsucraft:cursed_spirit_grade_38":1,"minecraft:player":11,"jujutsucraft:panda_gorilla":1,"jujutsucraft:curse_user_1":1,"jujutsucraft:yoshino_junpei":1,"jujutsucraft:cursed_spirit_grade_319":1,"jujutsucraft:curse_user":1},"minecraft:crafted":{"minecraft:oak_planks":20,"minecraft:crafting_table":1,"minecraft:wooden_pickaxe":1,"minecraft:stick":4,"minecraft:stone_pickaxe":1,"minecraft:stone_sword":1}},"DataVersion":3465}