{"stats":{"minecraft:custom":{"minecraft:time_since_rest":2948,"minecraft:crouch_one_cm":264,"minecraft:play_time":3973,"minecraft:sprint_one_cm":12093,"minecraft:walk_one_cm":27508,"minecraft:damage_taken":511,"minecraft:deaths":2,"minecraft:sneak_time":59,"minecraft:drop":1,"minecraft:damage_dealt_resisted":3,"minecraft:jump":14,"minecraft:damage_dealt":5,"minecraft:time_since_death":2919,"minecraft:total_world_time":3973,"minecraft:fall_one_cm":278,"minecraft:fly_one_cm":6258},"minecraft:picked_up":{"jujutsucraft:item_insect":2,"jujutsucraft:cursed_technique_changer":3,"jujutsucraft:uniform_q_chestplate":1,"jujutsucraft:uniform_normal_chestplate":2},"minecraft:used":{"jujutsucraft:uniform_normal_leggings":1,"jujutsucraft:uniform_normal_helmet":1,"jujutsucraft:uniform_normal_chestplate":2},"minecraft:dropped":{"jujutsucraft:cursed_technique_changer":1},"minecraft:killed_by":{"jujutsucraft:q":2}},"DataVersion":3465}