{"stats":{"minecraft:killed":{"jujutsucraft:cursed_spirit_grade_318":1,"jujutsucraft:stevenson_screen":1,"jujutsucraft:cursed_spirit_grade_319":1},"minecraft:mined":{"minecraft:grass":3,"minecraft:coarse_dirt":1,"minecraft:dead_bush":2,"minecraft:oak_leaves":2},"minecraft:used":{"jujutsucraft:gavel_big":1,"jujutsucraft:uniform_normal_leggings":1,"minecraft:grass_block":8,"minecraft:chest":1,"jujutsucraft:uniform_normal_boots":1,"jujutsucraft:uniform_normal_chestplate":1},"minecraft:picked_up":{"minecraft:stick":2,"automobility:automobile":1,"jujutsucraft:knife":1,"minecraft:wheat_seeds":1,"jujutsucraft:cursed_technique_changer":60,"minecraft:stone_pickaxe":1},"minecraft:dropped":{"automobility:automobile":4,"jujutsucraft:cursed_technique_changer":68},"minecraft:custom":{"minecraft:time_since_rest":294,"minecraft:open_chest":6,"minecraft:crouch_one_cm":3044,"minecraft:play_time":32553,"minecraft:sprint_one_cm":187614,"minecraft:deaths":8,"minecraft:damage_taken":2847,"minecraft:walk_one_cm":210592,"minecraft:sneak_time":842,"minecraft:mob_kills":3,"minecraft:drop":9,"minecraft:damage_dealt_resisted":454,"minecraft:jump":423,"minecraft:damage_dealt":150,"minecraft:leave_game":1,"minecraft:time_since_death":0,"minecraft:total_world_time":32553,"minecraft:fall_one_cm":11869,"minecraft:fly_one_cm":194833},"minecraft:killed_by":{"jujutsucraft:eso":1,"jujutsucraft:cursed_spirit_grade_36":1,"minecraft:player":5,"jujutsucraft:cursed_spirit_grade_314":1}},"DataVersion":3465}