{"stats":{"minecraft:killed":{"jujutsucraft:cursed_spirit_grade_314":1,"jujutsucraft:stevenson_screen":1,"jujutsucraft:cursed_spirit_grade_311":1,"jujutsucraft:cursed_spirit_grade_318":1,"jujutsucraft:cursed_spirit_grade_319":1},"minecraft:mined":{"minecraft:coarse_dirt":1,"minecraft:grass":3,"minecraft:dead_bush":2,"minecraft:oak_leaves":2},"minecraft:used":{"minecraft:grass_block":8,"minecraft:chest":1,"jujutsucraft:uniform_normal_boots":1,"jujutsucraft:gavel_big":1,"jujutsucraft:uniform_normal_leggings":1,"jujutsucraft:uniform_normal_chestplate":1},"minecraft:picked_up":{"minecraft:stick":2,"jujutsucraft:cursed_technique_changer":60,"automobility:automobile":1,"jujutsucraft:knife":1,"minecraft:wheat_seeds":1,"minecraft:stone_pickaxe":1},"minecraft:dropped":{"jujutsucraft:cursed_technique_changer":68,"automobility:automobile":4},"minecraft:custom":{"minecraft:time_since_rest":358,"minecraft:sprint_one_cm":276275,"minecraft:damage_taken":4473,"minecraft:walk_one_cm":228567,"minecraft:mob_kills":6,"minecraft:drop":9,"minecraft:damage_dealt":150,"minecraft:fly_one_cm":274081,"minecraft:open_chest":6,"minecraft:crouch_one_cm":3044,"minecraft:play_time":39283,"minecraft:deaths":13,"minecraft:sneak_time":842,"minecraft:jump":611,"minecraft:damage_dealt_resisted":671,"minecraft:leave_game":1,"minecraft:time_since_death":329,"minecraft:total_world_time":39283,"minecraft:fall_one_cm":17441},"minecraft:killed_by":{"jujutsucraft:yoshino_junpei":1,"jujutsucraft:cursed_spirit_grade_36":1,"jujutsucraft:transfigured_human_3":1,"minecraft:player":5,"jujutsucraft:cursed_spirit_grade_312":1,"jujutsucraft:cursed_spirit_grade_314":1,"jujutsucraft:nishimiya_momo":1,"jujutsucraft:cursed_spirit_grade_315":1,"jujutsucraft:eso":1}},"DataVersion":3465}