{"stats":{"minecraft:picked_up":{"jujutsucraft:slaughter_demon":2,"minecraft:chicken":2,"jujutsucraft:uniform_normal_boots":1,"jujutsucraft:cursed_technique_changer":60,"jujutsucraft:sword_ogi":1,"automobility:automobile":1,"jujutsucraft:sword_black":2,"jujutsucraft:sword_shigemo":1,"jujutsucraft:supreme_martial_solution":3,"minecraft:light_gray_wool":2,"minecraft:egg":1,"minecraft:stick":4,"minecraft:torch":1,"jujutsucraft:sword_okkotsu_yuta":2,"minecraft:porkchop":6,"jujutsucraft:gavel":1,"automobility:automobile_frame":1,"jujutsucraft:naginata":6,"minecraft:decorated_pot":1,"jujutsucraft:hammer":1,"jujutsucraft:item_master_falling_blossom_emotion":1,"minecraft:mutton":29,"minecraft:white_wool":17,"minecraft:feather":2,"jujutsucraft:g_staff":1,"minecraft:brown_wool":1,"minecraft:leather":4,"jujutsucraft:fester_life_blade":2,"minecraft:dirt":9,"automobility:automobile_wheel":4,"minecraft:apple":1,"jujutsucraft:knife":1,"minecraft:wheat_seeds":79,"minecraft:stone_pickaxe":1,"minecraft:tall_grass":4,"jujutsucraft:sword_miwa_kasumi":1,"minecraft:sand":5,"automobility:automobile_engine":1,"minecraft:grass":1,"minecraft:oak_sapling":1,"minecraft:black_wool":1,"jujutsucraft:uniform_q_helmet":1},"minecraft:dropped":{"minecraft:wheat_seeds":3,"minecraft:feather":2,"jujutsucraft:sword_black":1,"minecraft:stick":2,"minecraft:grass":1,"minecraft:sand":3,"automobility:automobile":4,"jujutsucraft:supreme_martial_solution":3,"jujutsucraft:sword_miwa_kasumi":1,"jujutsucraft:cursed_technique_changer":68,"minecraft:light_gray_wool":2,"jujutsucraft:sword_okkotsu_yuta":2,"jujutsucraft:naginata":4,"minecraft:oak_sapling":1,"jujutsucraft:g_staff":1},"minecraft:mined":{"minecraft:red_sand":1,"minecraft:grass_block":1,"minecraft:decorated_pot":1,"minecraft:dead_bush":2,"minecraft:seagrass":2,"minecraft:coarse_dirt":1,"minecraft:grass":6,"minecraft:dirt":8,"minecraft:sand":15,"minecraft:oak_leaves":2},"minecraft:custom":{"minecraft:mob_kills":500,"minecraft:open_barrel":13,"minecraft:damage_dealt_resisted":91063,"minecraft:leave_game":21,"minecraft:time_since_death":4973,"minecraft:climb_one_cm":168,"minecraft:damage_resisted":22875,"minecraft:sprint_one_cm":3530385,"minecraft:walk_one_cm":1542246,"minecraft:drop":28,"minecraft:damage_dealt_absorbed":22842,"minecraft:play_time":333789,"minecraft:deaths":94,"minecraft:sneak_time":3977,"minecraft:walk_under_water_one_cm":23349,"minecraft:jump":6237,"minecraft:walk_on_water_one_cm":44709,"minecraft:total_world_time":333789,"minecraft:time_since_rest":4998,"minecraft:damage_taken":40404,"minecraft:damage_dealt":1626,"minecraft:swim_one_cm":47944,"minecraft:fly_one_cm":7092164,"minecraft:player_kills":4,"minecraft:open_chest":10,"minecraft:crouch_one_cm":7253,"minecraft:fall_one_cm":269251},"minecraft:killed":{"jujutsucraft:mimiko":5,"jujutsucraft:cursed_spirit_grade_32":27,"jujutsucraft:transfigured_human_3":4,"jujutsucraft:cursed_spirit_grade_21":1,"jujutsucraft:cursed_spirit_grade_31":5,"jujutsucraft:cursed_spirit_grade_33":32,"jujutsucraft:stevenson_screen":22,"jujutsucraft:charles_bernard":1,"jujutsucraft:nanako":2,"jujutsucraft:cursed_spirit_grade_11":2,"jujutsucraft:doll_1":2,"jujutsucraft:cursed_spirit_grade_24":3,"jujutsucraft:cursed_spirit_grade_12":2,"jujutsucraft:cursed_spirit_grade_37":1,"jujutsucraft:cursed_spirit_grade_35":2,"jujutsucraft:yoshino_junpei":2,"jujutsucraft:cursed_spirit_grade_318":14,"jujutsucraft:cursed_spirit_grade_26":1,"jujutsucraft:cursed_spirit_grade_316":7,"jujutsucraft:transfigured_human_2":2,"jujutsucraft:cursed_spirit_grade_39":16,"jujutsucraft:cursed_spirit_grade_312":4,"jujutsucraft:cursed_spirit_grade_313":2,"minecraft:chicken":1,"jujutsucraft:divine_dog_black":1,"jujutsucraft:rabbit_escape":55,"jujutsucraft:panda_normal":1,"jujutsucraft:cursed_spirit_grade_23":3,"jujutsucraft:cursed_spirit_grade_317":34,"jujutsucraft:cockroach_larva":13,"jujutsucraft:cursed_spirit_grade_38":4,"jujutsucraft:cursed_spirit_grade_34":35,"jujutsucraft:transfigured_human_1":2,"jujutsucraft:cursed_spirit_grade_27":1,"minecraft:pig":1,"jujutsucraft:jujutsu_sorcerer":3,"jujutsucraft:truck":1,"jujutsucraft:nishimiya_momo":1,"jujutsucraft:cursed_spirit_grade_09":1,"minecraft:bat":26,"jujutsucraft:curse_user_1":4,"jujutsucraft:cursed_spirit_grade_211":2,"minecraft:sheep":24,"jujutsucraft:cursed_spirit_grade_29":1,"jujutsucraft:cursed_spirit_grade_314":24,"jujutsucraft:crow":6,"jujutsucraft:cursed_spirit_grade_311":9,"jujutsucraft:cursed_spirit_grade_310":4,"jujutsucraft:cursed_spirit_grade_36":16,"jujutsucraft:cursed_spirit_grade_315":32,"jujutsucraft:cursed_spirit_grade_110":1,"jujutsucraft:cursed_spirit_grade_212":1,"jujutsucraft:cursed_spirit_grade_319":11,"jujutsucraft:q":3},"minecraft:used":{"jujutsucraft:slaughter_demon":3,"minecraft:chest":1,"minecraft:stone":86,"minecraft:dirt":9,"minecraft:skeleton_spawn_egg":2,"jujutsucraft:supreme_martial_solution":7,"minecraft:glass":3,"minecraft:grass_block":8,"jujutsucraft:cursed_spirit_grade_31_spawn_egg":10,"minecraft:blaze_spawn_egg":1,"jujutsucraft:gavel_big":8,"minecraft:jungle_fence":4,"jujutsucraft:uniform_normal_boots":1,"minecraft:redstone_block":2,"minecraft:sand":2,"minecraft:tnt":2,"jujutsucraft:cursed_spirit_grade_36_spawn_egg":2,"jujutsucraft:uniform_normal_chestplate":1,"minecraft:deepslate":1,"minecraft:cod_spawn_egg":2,"jujutsucraft:uniform_normal_leggings":1},"minecraft:killed_by":{"jujutsucraft:cursed_spirit_grade_01":1,"jujutsucraft:itadori_yuji":1,"jujutsucraft:cursed_spirit_grade_36":1,"jujutsucraft:transfigured_human_3":1,"minecraft:player":10,"jujutsucraft:cursed_spirit_grade_16":1,"jujutsucraft:cursed_spirit_grade_14":5,"jujutsucraft:cursed_spirit_grade_312":1,"jujutsucraft:todo_aoi":1,"jujutsucraft:cursed_spirit_grade_12":2,"jujutsucraft:cursed_spirit_grade_11":1,"jujutsucraft:cursed_spirit_grade_17":1,"jujutsucraft:charles_bernard":3,"jujutsucraft:cursed_spirit_grade_31":1,"jujutsucraft:cursed_spirit_grade_22":2,"jujutsucraft:cursed_spirit_grade_26":2,"jujutsucraft:zenin_naoya_cursed_spirit_1":1,"jujutsucraft:nanami_kento":1,"jujutsucraft:cursed_spirit_grade_110":6,"jujutsucraft:cursed_spirit_grade_09":2,"jujutsucraft:curse_user_1":4,"jujutsucraft:yoshino_junpei":3,"jujutsucraft:cursed_spirit_grade_19":2,"jujutsucraft:kusakabe_yatsuya":1,"jujutsucraft:fushiguro_megumi":1,"jujutsucraft:cursed_spirit_grade_314":1,"jujutsucraft:cursed_spirit_grade_315":3,"jujutsucraft:eso":1,"jujutsucraft:cursed_spirit_grade_04":2,"jujutsucraft:cursed_spirit_grade_34":1,"jujutsucraft:cursed_spirit_grade_23":1,"jujutsucraft:zenin_maki":1,"jujutsucraft:hoshi_kirara":1,"jujutsucraft:inumaki_toge":1,"jujutsucraft:negi_toshihisa":2,"jujutsucraft:nishimiya_momo":2,"jujutsucraft:kumiya_juzo":1,"jujutsucraft:higuruma_hiromi":2,"jujutsucraft:uraume":4,"jujutsucraft:zenin_naoya":2,"jujutsucraft:panda_gorilla":1,"jujutsucraft:q":1,"jujutsucraft:mei_mei":1,"jujutsucraft:fushiguro_megumi_shibuya":2,"jujutsucraft:shigemo_haruta":4,"jujutsucraft:kukuru":1,"jujutsucraft:cursed_spirit_grade_06":1,"jujutsucraft:eight_handled_swrod_divergent_sila_divine_general_mahoraga":1,"jujutsucraft:cursed_spirit_grade_32":1}},"DataVersion":3465}