{"stats":{"minecraft:mined":{"minecraft:coarse_dirt":1,"minecraft:grass":3,"minecraft:dead_bush":2,"minecraft:sand":15,"minecraft:oak_leaves":2},"minecraft:killed":{"jujutsucraft:cursed_spirit_grade_32":1,"jujutsucraft:cursed_spirit_grade_31":1,"jujutsucraft:cursed_spirit_grade_33":1,"jujutsucraft:cursed_spirit_grade_314":1,"jujutsucraft:stevenson_screen":1,"jujutsucraft:cursed_spirit_grade_311":1,"jujutsucraft:cursed_spirit_grade_315":1,"jujutsucraft:cursed_spirit_grade_318":1,"jujutsucraft:cursed_spirit_grade_319":1},"minecraft:used":{"minecraft:grass_block":8,"minecraft:chest":1,"jujutsucraft:uniform_normal_boots":1,"jujutsucraft:gavel_big":1,"jujutsucraft:uniform_normal_leggings":1,"jujutsucraft:uniform_normal_chestplate":1},"minecraft:picked_up":{"minecraft:stick":2,"jujutsucraft:cursed_technique_changer":60,"minecraft:sand":5,"automobility:automobile":1,"jujutsucraft:knife":1,"minecraft:wheat_seeds":1,"minecraft:stone_pickaxe":1},"minecraft:dropped":{"jujutsucraft:cursed_technique_changer":68,"automobility:automobile":4},"minecraft:custom":{"minecraft:time_since_rest":10654,"minecraft:sprint_one_cm":309338,"minecraft:damage_taken":6226,"minecraft:walk_one_cm":244720,"minecraft:mob_kills":11,"minecraft:drop":9,"minecraft:damage_dealt":244,"minecraft:swim_one_cm":7054,"minecraft:fly_one_cm":337037,"minecraft:open_chest":6,"minecraft:crouch_one_cm":4564,"minecraft:play_time":51283,"minecraft:deaths":18,"minecraft:sneak_time":1263,"minecraft:walk_under_water_one_cm":10836,"minecraft:jump":731,"minecraft:damage_dealt_resisted":1050,"minecraft:leave_game":1,"minecraft:walk_on_water_one_cm":3460,"minecraft:time_since_death":10628,"minecraft:total_world_time":51283,"minecraft:fall_one_cm":22524},"minecraft:killed_by":{"jujutsucraft:yoshino_junpei":1,"jujutsucraft:cursed_spirit_grade_36":1,"jujutsucraft:transfigured_human_3":1,"minecraft:player":5,"jujutsucraft:cursed_spirit_grade_312":1,"jujutsucraft:cursed_spirit_grade_314":1,"jujutsucraft:nishimiya_momo":1,"jujutsucraft:cursed_spirit_grade_315":2,"jujutsucraft:cursed_spirit_grade_17":1,"jujutsucraft:eso":1,"jujutsucraft:cursed_spirit_grade_34":1,"jujutsucraft:cursed_spirit_grade_31":1,"jujutsucraft:cursed_spirit_grade_32":1}},"DataVersion":3465}