{"stats":{"minecraft:mined":{"minecraft:red_sand":1},"minecraft:custom":{"minecraft:time_since_rest":8585,"minecraft:sprint_one_cm":336479,"minecraft:damage_taken":1353,"minecraft:walk_one_cm":398197,"minecraft:mob_kills":32,"minecraft:drop":1,"minecraft:damage_dealt":2902,"minecraft:damage_dealt_absorbed":2928,"minecraft:fly_one_cm":1910923,"minecraft:player_kills":1,"minecraft:crouch_one_cm":1014,"minecraft:play_time":129276,"minecraft:deaths":3,"minecraft:sneak_time":1133,"minecraft:jump":1201,"minecraft:damage_dealt_resisted":9563,"minecraft:leave_game":4,"minecraft:time_since_death":8554,"minecraft:climb_one_cm":652,"minecraft:total_world_time":129276,"minecraft:fall_one_cm":11369},"minecraft:picked_up":{"minecraft:oak_slab":1,"minecraft:charcoal":196,"jujutsucraft:playful_cloud":1,"jujutsucraft:uniform_normal_boots":1,"minecraft:oak_stairs":1,"wom:ender_blaster":1,"jujutsucraft:cursed_technique_changer":1,"jujutsucraft:uniform_normal_chestplate":1,"vs_eureka:red_balloon":1,"minecraft:dead_bush":2,"minecraft:sea_lantern":1,"jujutsucraft:uniform_normal_leggings":1,"wom:netherite_chains":1,"automobility:automobile":1,"minecraft:red_sand":1,"valkyrienskies:test_chair":1},"minecraft:killed":{"jujutsucraft:mimiko":1,"jujutsucraft:cursed_spirit_grade_39":1,"jujutsucraft:cursed_spirit_grade_31":1,"jujutsucraft:cursed_spirit_grade_33":4,"jujutsucraft:cursed_spirit_grade_314":1,"jujutsucraft:cursed_spirit_grade_311":1,"jujutsucraft:kukuru":3,"jujutsucraft:cursed_spirit_grade_23":1,"minecraft:bat":11,"jujutsucraft:cursed_spirit_grade_35":1,"jujutsucraft:yoshino_junpei":1,"jujutsucraft:cursed_spirit_grade_317":2,"jujutsucraft:cursed_spirit_grade_38":1,"jujutsucraft:itadori_yuji":1,"jujutsucraft:divine_dog_white":1,"jujutsucraft:q":1},"minecraft:used":{"minecraft:oak_trapdoor":2,"minecraft:oak_fence":14,"wom:ender_blaster":2,"epicfight:skillbook":1,"automobility:steep_slope":1,"minecraft:sea_lantern":3,"automobility:dash_panel":5,"epicfight:netherite_tachi":4,"valkyrienskies:test_chair":5,"minecraft:oak_stairs":1,"wom:netherite_chains":1,"epicfight:netherite_dagger":2,"minecraft:oak_planks":32,"vs_eureka:oak_ship_helm":1,"jujutsucraft:uniform_normal_boots":2,"vs_eureka:balloon":160,"wom:antitheus":75,"vs_eureka:anchor":1,"vs_eureka:engine":4,"minecraft:oak_slab":55,"jujutsucraft:uniform_normal_leggings":2,"vs_eureka:red_balloon":111,"jujutsucraft:uniform_normal_chestplate":2,"minecraft:birch_stairs":1},"minecraft:dropped":{"vs_eureka:engine":1},"minecraft:killed_by":{"minecraft:player":1,"jujutsucraft:cursed_spirit_grade_311":1,"jujutsucraft:mimiko":1}},"DataVersion":3465}