{"stats":{"minecraft:killed":{"jujutsucraft:stevenson_screen":1},"minecraft:mined":{"minecraft:grass":3,"minecraft:coarse_dirt":1,"minecraft:dead_bush":2,"minecraft:oak_leaves":2},"minecraft:used":{"jujutsucraft:uniform_normal_leggings":1,"minecraft:grass_block":8,"minecraft:chest":1,"jujutsucraft:uniform_normal_boots":1,"jujutsucraft:uniform_normal_chestplate":1},"minecraft:picked_up":{"minecraft:stick":2,"automobility:automobile":1,"jujutsucraft:knife":1,"minecraft:wheat_seeds":1,"minecraft:stone_pickaxe":1},"minecraft:dropped":{"automobility:automobile":3,"jujutsucraft:cursed_technique_changer":4},"minecraft:custom":{"minecraft:time_since_rest":16278,"minecraft:open_chest":6,"minecraft:crouch_one_cm":3044,"minecraft:play_time":16278,"minecraft:sprint_one_cm":24504,"minecraft:damage_taken":39,"minecraft:walk_one_cm":112304,"minecraft:sneak_time":840,"minecraft:mob_kills":1,"minecraft:drop":7,"minecraft:jump":50,"minecraft:damage_dealt":90,"minecraft:time_since_death":16278,"minecraft:total_world_time":16278,"minecraft:fly_one_cm":17375}},"DataVersion":3465}