{"stats":{"minecraft:picked_up":{"jujutsucraft:slaughter_demon":2,"minecraft:chicken":4,"jujutsucraft:uniform_normal_boots":1,"jujutsucraft:cursed_technique_changer":61,"jujutsucraft:sword_ogi":1,"automobility:automobile":1,"jujutsucraft:sword_black":3,"minecraft:beef":6,"jujutsucraft:sword_shigemo":1,"jujutsucraft:supreme_martial_solution":3,"minecraft:spruce_slab":1,"minecraft:light_gray_wool":2,"minecraft:egg":3,"minecraft:stick":5,"minecraft:torch":3,"jujutsucraft:sword_okkotsu_yuta":3,"minecraft:porkchop":6,"jujutsucraft:gavel":1,"automobility:automobile_frame":1,"jujutsucraft:naginata":7,"minecraft:decorated_pot":1,"jujutsucraft:hammer":1,"jujutsucraft:item_master_falling_blossom_emotion":1,"minecraft:mutton":45,"minecraft:white_wool":27,"minecraft:cobblestone":11,"minecraft:feather":5,"jujutsucraft:uniform_gojo_boots":1,"jujutsucraft:g_staff":1,"minecraft:salmon":4,"minecraft:brown_wool":1,"minecraft:leather":7,"jujutsucraft:fester_life_blade":2,"jujutsucraft:bullet_ball":2,"minecraft:dirt":19,"automobility:automobile_wheel":4,"minecraft:apple":1,"jujutsucraft:knife":1,"minecraft:wheat_seeds":79,"jujutsucraft:mei_mei_axe":1,"minecraft:stone_pickaxe":1,"minecraft:tall_grass":4,"jujutsucraft:sword_miwa_kasumi":1,"minecraft:acacia_sapling":1,"jujutsucraft:glasses_maki_helmet":1,"jujutsucraft:dragon_bone":1,"jujutsucraft:cursed_spirit_ball":4,"minecraft:stone_brick_slab":2,"minecraft:sand":5,"automobility:automobile_engine":1,"minecraft:ink_sac":13,"minecraft:grass":1,"minecraft:oak_sapling":1,"minecraft:netherrack":1,"minecraft:black_wool":2,"jujutsucraft:uniform_q_helmet":1},"minecraft:dropped":{"minecraft:wheat_seeds":78,"jujutsucraft:sword_shigemo":1,"minecraft:decorated_pot":1,"minecraft:feather":2,"minecraft:cobblestone":11,"jujutsucraft:sword_black":1,"jujutsucraft:gavel":1,"minecraft:stick":2,"minecraft:dirt":5,"minecraft:grass":1,"minecraft:ink_sac":9,"minecraft:torch":1,"minecraft:brown_wool":1,"minecraft:sand":3,"jujutsucraft:dragon_bone":1,"automobility:automobile":4,"minecraft:white_wool":13,"minecraft:stone_brick_slab":2,"jujutsucraft:supreme_martial_solution":3,"jujutsucraft:sword_miwa_kasumi":1,"jujutsucraft:cursed_technique_changer":71,"minecraft:tall_grass":4,"minecraft:chicken":3,"jujutsucraft:sword_okkotsu_yuta":3,"minecraft:light_gray_wool":2,"jujutsucraft:naginata":5,"minecraft:salmon":3,"jujutsucraft:sword_ogi":1,"minecraft:oak_sapling":1,"jujutsucraft:hammer":1,"jujutsucraft:gavel_big":1,"minecraft:beef":6,"jujutsucraft:uniform_normal_boots":1,"minecraft:netherrack":1,"jujutsucraft:g_staff":1,"minecraft:egg":2},"minecraft:mined":{"minecraft:red_sand":1,"minecraft:grass_block":4,"minecraft:decorated_pot":1,"minecraft:stone":11,"minecraft:quartz_block":1,"minecraft:dead_bush":2,"minecraft:seagrass":2,"minecraft:coarse_dirt":1,"minecraft:grass":10,"minecraft:sand":15,"minecraft:dirt":15,"minecraft:netherrack":1,"minecraft:oak_leaves":2},"minecraft:custom":{"minecraft:mob_kills":830,"minecraft:open_barrel":13,"minecraft:damage_dealt_resisted":218306,"minecraft:leave_game":26,"minecraft:time_since_death":3509,"minecraft:climb_one_cm":168,"minecraft:damage_resisted":57396,"minecraft:sprint_one_cm":7582047,"minecraft:walk_one_cm":2643565,"minecraft:drop":61,"minecraft:damage_dealt_absorbed":113389,"minecraft:talked_to_villager":1,"minecraft:play_time":457737,"minecraft:deaths":125,"minecraft:sneak_time":4505,"minecraft:walk_under_water_one_cm":35057,"minecraft:jump":8822,"minecraft:walk_on_water_one_cm":136245,"minecraft:total_world_time":457737,"minecraft:time_since_rest":3541,"minecraft:damage_taken":63211,"minecraft:damage_dealt":4118,"minecraft:swim_one_cm":65005,"minecraft:fly_one_cm":9299867,"minecraft:player_kills":7,"minecraft:open_chest":16,"minecraft:crouch_one_cm":9923,"minecraft:fall_one_cm":409374},"minecraft:killed":{"jujutsucraft:mimiko":5,"jujutsucraft:cursed_spirit_grade_32":47,"jujutsucraft:transfigured_human_3":8,"jujutsucraft:cursed_spirit_grade_21":2,"jujutsucraft:cursed_spirit_grade_31":11,"jujutsucraft:cursed_spirit_grade_33":48,"jujutsucraft:stevenson_screen":22,"jujutsucraft:charles_bernard":1,"jujutsucraft:nanako":4,"jujutsucraft:cursed_spirit_grade_11":2,"jujutsucraft:doll_1":10,"jujutsucraft:cursed_spirit_grade_12":2,"jujutsucraft:cursed_spirit_grade_24":7,"jujutsucraft:cursed_spirit_grade_37":1,"jujutsucraft:cursed_spirit_grade_35":6,"jujutsucraft:yoshino_junpei":2,"jujutsucraft:cursed_spirit_grade_318":28,"jujutsucraft:cursed_spirit_grade_316":12,"jujutsucraft:cursed_spirit_grade_26":3,"jujutsucraft:cursed_spirit_grade_22":1,"jujutsucraft:kumiya_juzo":1,"jujutsucraft:transfigured_human_2":2,"minecraft:horse":2,"jujutsucraft:cursed_spirit_grade_39":28,"jujutsucraft:cursed_spirit_grade_312":9,"jujutsucraft:cursed_spirit_grade_313":9,"minecraft:chicken":4,"jujutsucraft:cursed_spirit_grade_16":2,"jujutsucraft:divine_dog_black":1,"jujutsucraft:rabbit_escape":55,"jujutsucraft:panda_normal":1,"jujutsucraft:cursed_spirit_grade_23":6,"jujutsucraft:cursed_spirit_grade_317":52,"jujutsucraft:cockroach_larva":13,"jujutsucraft:cursed_spirit_grade_38":7,"jujutsucraft:cursed_spirit_grade_34":74,"jujutsucraft:transfigured_human_1":5,"jujutsucraft:cursed_spirit_grade_27":4,"jujutsucraft:cursed_spirit_grade_210":1,"minecraft:pig":1,"jujutsucraft:jujutsu_sorcerer":3,"jujutsucraft:truck":1,"jujutsucraft:nishimiya_momo":4,"minecraft:salmon":2,"minecraft:rabbit":1,"jujutsucraft:cursed_spirit_grade_09":1,"minecraft:bat":28,"jujutsucraft:zenin_maki":1,"jujutsucraft:curse_user_1":5,"jujutsucraft:cursed_spirit_grade_211":2,"jujutsucraft:curse_user":1,"jujutsucraft:yaga_masamichi":1,"jujutsucraft:itadori_yuji":2,"minecraft:squid":5,"minecraft:sheep":36,"jujutsucraft:cursed_spirit_grade_29":4,"jujutsucraft:garuda_ball":1,"jujutsucraft:cursed_spirit_grade_314":41,"jujutsucraft:cursed_spirit_grade_14":1,"jujutsucraft:crow":13,"jujutsucraft:cursed_spirit_grade_311":15,"jujutsucraft:cursed_spirit_grade_310":8,"jujutsucraft:negi_toshihisa":1,"jujutsucraft:cursed_spirit_grade_17":1,"jujutsucraft:cursed_spirit_grade_36":30,"jujutsucraft:cursed_spirit_grade_25":2,"jujutsucraft:cursed_spirit_grade_110":2,"jujutsucraft:cursed_spirit_grade_315":42,"jujutsucraft:cursed_spirit_grade_212":3,"jujutsucraft:cursed_spirit_grade_319":21,"jujutsucraft:ice_spear":1,"minecraft:villager":3,"jujutsucraft:q":6,"jujutsucraft:fushiguro_megumi":1,"jujutsucraft:ogami":1},"minecraft:used":{"minecraft:chest":1,"jujutsucraft:slaughter_demon":3,"minecraft:stone":86,"minecraft:dirt":14,"minecraft:skeleton_spawn_egg":2,"jujutsucraft:supreme_martial_solution":10,"minecraft:glass":3,"minecraft:grass_block":8,"jujutsucraft:cursed_spirit_grade_31_spawn_egg":10,"minecraft:blaze_spawn_egg":1,"jujutsucraft:gavel_big":8,"minecraft:egg":1,"minecraft:jungle_fence":4,"jujutsucraft:uniform_normal_boots":1,"minecraft:redstone_block":2,"minecraft:sand":2,"minecraft:tnt":2,"jujutsucraft:cursed_spirit_grade_36_spawn_egg":2,"jujutsucraft:uniform_normal_chestplate":1,"minecraft:deepslate":1,"minecraft:cod_spawn_egg":2,"jujutsucraft:uniform_normal_leggings":1,"minecraft:golden_pickaxe":16},"minecraft:killed_by":{"jujutsucraft:cursed_spirit_grade_25":1,"jujutsucraft:cursed_spirit_grade_01":1,"jujutsucraft:transfigured_human_3":1,"jujutsucraft:cursed_spirit_grade_36":1,"jujutsucraft:itadori_yuji":2,"minecraft:player":13,"jujutsucraft:cursed_spirit_grade_16":2,"jujutsucraft:cursed_spirit_grade_14":8,"jujutsucraft:cursed_spirit_grade_312":1,"jujutsucraft:todo_aoi":1,"jujutsucraft:cursed_spirit_grade_11":1,"jujutsucraft:cursed_spirit_grade_12":3,"jujutsucraft:cursed_spirit_grade_17":1,"jujutsucraft:charles_bernard":3,"jujutsucraft:cursed_spirit_grade_31":1,"jujutsucraft:cursed_spirit_grade_22":3,"jujutsucraft:cursed_spirit_grade_26":2,"jujutsucraft:zenin_naoya_cursed_spirit_1":1,"jujutsucraft:nanami_kento":1,"jujutsucraft:cursed_spirit_grade_09":2,"jujutsucraft:cursed_spirit_grade_110":6,"jujutsucraft:curse_user_1":4,"jujutsucraft:yoshino_junpei":5,"jujutsucraft:cursed_spirit_grade_19":2,"jujutsucraft:kusakabe_yatsuya":1,"jujutsucraft:fushiguro_megumi":1,"jujutsucraft:cursed_spirit_grade_314":1,"jujutsucraft:cursed_spirit_grade_315":3,"jujutsucraft:eso":1,"jujutsucraft:cursed_spirit_grade_04":2,"jujutsucraft:cursed_spirit_grade_34":1,"jujutsucraft:cursed_spirit_grade_23":1,"jujutsucraft:zenin_maki":2,"jujutsucraft:hoshi_kirara":1,"jujutsucraft:sukuna_fushiguro":3,"jujutsucraft:kurusu_hana":1,"jujutsucraft:inumaki_toge":1,"jujutsucraft:nishimiya_momo":2,"jujutsucraft:negi_toshihisa":2,"jujutsucraft:kumiya_juzo":1,"jujutsucraft:higuruma_hiromi":3,"jujutsucraft:uraume":6,"jujutsucraft:mechamaru":1,"jujutsucraft:zenin_naoya":2,"jujutsucraft:panda_gorilla":1,"jujutsucraft:q":1,"jujutsucraft:mei_mei":2,"jujutsucraft:fushiguro_megumi_shibuya":2,"jujutsucraft:shigemo_haruta":4,"jujutsucraft:cursed_spirit_grade_18":1,"jujutsucraft:kukuru":1,"jujutsucraft:cursed_spirit_grade_21":1,"jujutsucraft:cursed_spirit_grade_06":1,"jujutsucraft:eight_handled_swrod_divergent_sila_divine_general_mahoraga":4,"jujutsucraft:cursed_spirit_grade_32":2,"jujutsucraft:yaga_masamichi":1}},"DataVersion":3465}