{"stats":{"minecraft:mined":{"minecraft:red_sand":1,"minecraft:dead_bush":2,"minecraft:seagrass":1,"minecraft:coarse_dirt":1,"minecraft:grass":3,"minecraft:sand":15,"minecraft:oak_leaves":2},"minecraft:killed":{"jujutsucraft:mimiko":2,"jujutsucraft:cursed_spirit_grade_32":7,"jujutsucraft:cursed_spirit_grade_31":2,"jujutsucraft:cursed_spirit_grade_33":12,"jujutsucraft:stevenson_screen":4,"jujutsucraft:nanako":1,"jujutsucraft:truck":1,"jujutsucraft:cursed_spirit_grade_37":1,"jujutsucraft:cursed_spirit_grade_318":7,"jujutsucraft:cursed_spirit_grade_316":1,"jujutsucraft:transfigured_human_2":1,"minecraft:sheep":6,"jujutsucraft:cursed_spirit_grade_39":4,"jujutsucraft:cursed_spirit_grade_312":1,"jujutsucraft:cursed_spirit_grade_314":6,"jujutsucraft:crow":2,"jujutsucraft:cursed_spirit_grade_311":2,"jujutsucraft:cursed_spirit_grade_36":5,"jujutsucraft:cursed_spirit_grade_317":5,"jujutsucraft:cursed_spirit_grade_315":13,"jujutsucraft:cockroach_larva":2,"jujutsucraft:cursed_spirit_grade_38":1,"jujutsucraft:cursed_spirit_grade_34":12,"jujutsucraft:cursed_spirit_grade_319":4},"minecraft:used":{"jujutsucraft:slaughter_demon":3,"minecraft:chest":1,"jujutsucraft:uniform_normal_boots":1,"minecraft:sand":2,"jujutsucraft:uniform_normal_chestplate":1,"minecraft:grass_block":8,"jujutsucraft:gavel_big":8,"jujutsucraft:uniform_normal_leggings":1},"minecraft:picked_up":{"jujutsucraft:slaughter_demon":1,"jujutsucraft:cursed_technique_changer":60,"jujutsucraft:fester_life_blade":1,"automobility:automobile_wheel":4,"automobility:automobile":1,"minecraft:apple":1,"jujutsucraft:knife":1,"minecraft:wheat_seeds":4,"minecraft:stone_pickaxe":1,"minecraft:stick":2,"minecraft:sand":5,"automobility:automobile_engine":1,"jujutsucraft:gavel":1,"automobility:automobile_frame":1,"minecraft:black_wool":1,"minecraft:mutton":10,"minecraft:white_wool":5},"minecraft:dropped":{"jujutsucraft:cursed_technique_changer":68,"automobility:automobile":4},"minecraft:custom":{"minecraft:mob_kills":114,"minecraft:damage_dealt_resisted":9750,"minecraft:leave_game":1,"minecraft:time_since_death":7040,"minecraft:damage_resisted":1822,"minecraft:time_since_rest":7131,"minecraft:sprint_one_cm":692356,"minecraft:damage_taken":16789,"minecraft:walk_one_cm":485818,"minecraft:drop":9,"minecraft:damage_dealt":797,"minecraft:swim_one_cm":19260,"minecraft:fly_one_cm":856569,"minecraft:open_chest":6,"minecraft:crouch_one_cm":4902,"minecraft:play_time":93283,"minecraft:deaths":44,"minecraft:sneak_time":1715,"minecraft:walk_under_water_one_cm":20033,"minecraft:jump":1779,"minecraft:walk_on_water_one_cm":12678,"minecraft:total_world_time":93283,"minecraft:fall_one_cm":63917},"minecraft:killed_by":{"jujutsucraft:zenin_maki":1,"jujutsucraft:cursed_spirit_grade_36":1,"jujutsucraft:transfigured_human_3":1,"minecraft:player":8,"jujutsucraft:cursed_spirit_grade_14":1,"jujutsucraft:cursed_spirit_grade_312":1,"jujutsucraft:todo_aoi":1,"jujutsucraft:negi_toshihisa":2,"jujutsucraft:nishimiya_momo":1,"jujutsucraft:cursed_spirit_grade_17":1,"jujutsucraft:charles_bernard":2,"jujutsucraft:higuruma_hiromi":2,"jujutsucraft:uraume":2,"jujutsucraft:cursed_spirit_grade_31":1,"jujutsucraft:cursed_spirit_grade_22":1,"jujutsucraft:cursed_spirit_grade_110":1,"jujutsucraft:curse_user_1":3,"jujutsucraft:yoshino_junpei":2,"jujutsucraft:shigemo_haruta":2,"jujutsucraft:cursed_spirit_grade_19":1,"jujutsucraft:kukuru":1,"jujutsucraft:cursed_spirit_grade_314":1,"jujutsucraft:cursed_spirit_grade_315":3,"jujutsucraft:eso":1,"jujutsucraft:cursed_spirit_grade_04":1,"jujutsucraft:cursed_spirit_grade_32":1,"jujutsucraft:cursed_spirit_grade_34":1}},"DataVersion":3465}