{"stats":{"minecraft:killed":{"jujutsucraft:rabbit_escape":38,"jujutsucraft:cursed_spirit_grade_39":1,"jujutsucraft:round_deer":1,"jujutsucraft:cursed_spirit_grade_33":1,"jujutsucraft:cursed_spirit_grade_314":1,"jujutsucraft:cursed_spirit_grade_318":1,"jujutsucraft:cursed_spirit_grade_315":1,"jujutsucraft:cursed_spirit_grade_319":1,"jujutsucraft:mimiko":1,"jujutsucraft:cursed_spirit_grade_36":1},"minecraft:picked_up":{"jujutsucraft:uniform_normal_leggings":1,"minecraft:wheat_seeds":1,"jujutsucraft:uniform_normal_boots":2,"jujutsucraft:uniform_normal_chestplate":2},"minecraft:killed_by":{"jujutsucraft:curse_user":1,"jujutsucraft:cursed_spirit_grade_311":1,"minecraft:player":6,"jujutsucraft:nue":1},"minecraft:mined":{"minecraft:grass":3,"minecraft:grass_block":2,"minecraft:dirt":2},"minecraft:used":{"jujutsucraft:uniform_normal_leggings":2,"jujutsucraft:uniform_normal_boots":3,"jujutsucraft:uniform_normal_chestplate":3},"minecraft:custom":{"minecraft:time_since_rest":5882,"minecraft:crouch_one_cm":744,"minecraft:play_time":28853,"minecraft:sprint_one_cm":322425,"minecraft:walk_one_cm":180655,"minecraft:damage_taken":3003,"minecraft:deaths":10,"minecraft:sneak_time":84,"minecraft:mob_kills":49,"minecraft:damage_dealt_resisted":2499,"minecraft:jump":489,"minecraft:damage_dealt":201,"minecraft:time_since_death":5855,"minecraft:climb_one_cm":620,"minecraft:total_world_time":28853,"minecraft:fall_one_cm":16426,"minecraft:fly_one_cm":223089,"minecraft:player_kills":1}},"DataVersion":3465}