{"stats":{"minecraft:mined":{"minecraft:coarse_dirt":1,"minecraft:oak_leaves":2},"minecraft:used":{"minecraft:chest":1,"jujutsucraft:uniform_normal_boots":1,"jujutsucraft:uniform_normal_chestplate":1,"jujutsucraft:uniform_normal_leggings":1},"minecraft:dropped":{"automobility:automobile":2,"jujutsucraft:cursed_technique_changer":4},"minecraft:custom":{"minecraft:jump":25,"minecraft:open_chest":4,"minecraft:time_since_rest":4278,"minecraft:sprint_one_cm":6214,"minecraft:play_time":4278,"minecraft:time_since_death":4278,"minecraft:walk_one_cm":35734,"minecraft:total_world_time":4278,"minecraft:drop":6,"minecraft:fly_one_cm":7869}},"DataVersion":3465}