{"stats":{"minecraft:mined":{"minecraft:red_sand":1,"minecraft:dead_bush":2,"minecraft:seagrass":1,"minecraft:coarse_dirt":1,"minecraft:grass":3,"minecraft:sand":15,"minecraft:oak_leaves":2},"minecraft:killed":{"jujutsucraft:mimiko":2,"jujutsucraft:cursed_spirit_grade_32":21,"jujutsucraft:transfigured_human_3":1,"jujutsucraft:cursed_spirit_grade_31":4,"jujutsucraft:cursed_spirit_grade_33":26,"jujutsucraft:stevenson_screen":15,"jujutsucraft:cursed_spirit_grade_11":1,"jujutsucraft:nanako":2,"jujutsucraft:jujutsu_sorcerer":3,"jujutsucraft:truck":1,"jujutsucraft:cursed_spirit_grade_24":1,"jujutsucraft:cursed_spirit_grade_35":2,"jujutsucraft:cursed_spirit_grade_37":1,"jujutsucraft:cursed_spirit_grade_318":13,"jujutsucraft:curse_user_1":2,"jujutsucraft:cursed_spirit_grade_316":4,"jujutsucraft:cursed_spirit_grade_26":1,"jujutsucraft:transfigured_human_2":2,"minecraft:sheep":8,"jujutsucraft:cursed_spirit_grade_39":10,"jujutsucraft:cursed_spirit_grade_313":1,"jujutsucraft:cursed_spirit_grade_312":2,"jujutsucraft:cursed_spirit_grade_314":12,"jujutsucraft:crow":2,"jujutsucraft:cursed_spirit_grade_311":5,"jujutsucraft:cursed_spirit_grade_310":2,"minecraft:chicken":1,"jujutsucraft:cursed_spirit_grade_36":12,"jujutsucraft:cursed_spirit_grade_110":1,"jujutsucraft:cursed_spirit_grade_317":18,"jujutsucraft:cursed_spirit_grade_315":25,"jujutsucraft:cockroach_larva":13,"jujutsucraft:cursed_spirit_grade_38":4,"jujutsucraft:cursed_spirit_grade_34":26,"jujutsucraft:cursed_spirit_grade_319":11,"jujutsucraft:transfigured_human_1":1,"jujutsucraft:q":1},"minecraft:used":{"jujutsucraft:slaughter_demon":3,"minecraft:chest":1,"jujutsucraft:uniform_normal_boots":1,"minecraft:sand":2,"jujutsucraft:uniform_normal_chestplate":1,"minecraft:grass_block":8,"jujutsucraft:gavel_big":8,"jujutsucraft:uniform_normal_leggings":1},"minecraft:picked_up":{"jujutsucraft:slaughter_demon":1,"jujutsucraft:g_staff":1,"minecraft:leather":1,"jujutsucraft:cursed_technique_changer":60,"jujutsucraft:fester_life_blade":1,"automobility:automobile_wheel":4,"automobility:automobile":1,"minecraft:apple":1,"jujutsucraft:knife":1,"minecraft:wheat_seeds":4,"jujutsucraft:sword_black":1,"minecraft:stone_pickaxe":1,"jujutsucraft:sword_miwa_kasumi":1,"minecraft:stick":4,"minecraft:porkchop":3,"jujutsucraft:sword_okkotsu_yuta":2,"minecraft:sand":5,"automobility:automobile_engine":1,"jujutsucraft:gavel":1,"automobility:automobile_frame":1,"jujutsucraft:naginata":5,"jujutsucraft:item_master_falling_blossom_emotion":1,"minecraft:oak_sapling":1,"minecraft:black_wool":1,"minecraft:mutton":13,"jujutsucraft:uniform_q_helmet":1,"minecraft:white_wool":7},"minecraft:dropped":{"jujutsucraft:cursed_technique_changer":68,"automobility:automobile":4},"minecraft:custom":{"minecraft:mob_kills":270,"minecraft:damage_dealt_resisted":41781,"minecraft:leave_game":1,"minecraft:time_since_death":584,"minecraft:damage_resisted":11936,"minecraft:time_since_rest":602,"minecraft:sprint_one_cm":1831019,"minecraft:damage_taken":31873,"minecraft:walk_one_cm":835029,"minecraft:drop":9,"minecraft:damage_dealt":797,"minecraft:swim_one_cm":26545,"minecraft:fly_one_cm":2565670,"minecraft:player_kills":3,"minecraft:open_chest":6,"minecraft:crouch_one_cm":4929,"minecraft:play_time":153283,"minecraft:deaths":77,"minecraft:sneak_time":1720,"minecraft:walk_under_water_one_cm":21123,"minecraft:jump":3992,"minecraft:walk_on_water_one_cm":20406,"minecraft:total_world_time":153283,"minecraft:fall_one_cm":181038},"minecraft:killed_by":{"jujutsucraft:zenin_maki":1,"jujutsucraft:hoshi_kirara":1,"jujutsucraft:cursed_spirit_grade_36":1,"jujutsucraft:transfigured_human_3":1,"minecraft:player":10,"jujutsucraft:cursed_spirit_grade_16":1,"jujutsucraft:inumaki_toge":1,"jujutsucraft:cursed_spirit_grade_14":4,"jujutsucraft:cursed_spirit_grade_312":1,"jujutsucraft:todo_aoi":1,"jujutsucraft:cursed_spirit_grade_11":1,"jujutsucraft:negi_toshihisa":2,"jujutsucraft:nishimiya_momo":2,"jujutsucraft:cursed_spirit_grade_12":1,"jujutsucraft:cursed_spirit_grade_17":1,"jujutsucraft:kumiya_juzo":1,"jujutsucraft:charles_bernard":2,"jujutsucraft:higuruma_hiromi":2,"jujutsucraft:uraume":4,"jujutsucraft:cursed_spirit_grade_31":1,"jujutsucraft:cursed_spirit_grade_22":2,"jujutsucraft:cursed_spirit_grade_26":2,"jujutsucraft:zenin_naoya_cursed_spirit_1":1,"jujutsucraft:cursed_spirit_grade_09":2,"jujutsucraft:cursed_spirit_grade_110":6,"jujutsucraft:curse_user_1":4,"jujutsucraft:yoshino_junpei":3,"jujutsucraft:mei_mei":1,"jujutsucraft:shigemo_haruta":4,"jujutsucraft:cursed_spirit_grade_19":2,"jujutsucraft:kukuru":1,"jujutsucraft:cursed_spirit_grade_314":1,"jujutsucraft:cursed_spirit_grade_315":3,"jujutsucraft:eso":1,"jujutsucraft:cursed_spirit_grade_04":1,"jujutsucraft:eight_handled_swrod_divergent_sila_divine_general_mahoraga":1,"jujutsucraft:cursed_spirit_grade_32":1,"jujutsucraft:cursed_spirit_grade_34":1,"jujutsucraft:cursed_spirit_grade_23":1}},"DataVersion":3465}