{"stats":{"minecraft:killed":{"jujutsucraft:rabbit_escape":38,"jujutsucraft:cursed_spirit_grade_23":1,"jujutsucraft:eight_handled_swrod_divergent_sila_divine_general_mahoraga":1,"jujutsucraft:cursed_spirit_grade_39":2,"jujutsucraft:round_deer":1,"jujutsucraft:cursed_spirit_grade_33":2,"jujutsucraft:cursed_spirit_grade_314":3,"jujutsucraft:cursed_spirit_grade_318":1,"jujutsucraft:cursed_spirit_grade_315":2,"jujutsucraft:cursed_spirit_grade_212":1,"jujutsucraft:cursed_spirit_grade_319":2,"jujutsucraft:mimiko":1,"jujutsucraft:cursed_spirit_grade_36":1},"minecraft:picked_up":{"jujutsucraft:uniform_normal_leggings":1,"minecraft:wheat_seeds":1,"jujutsucraft:uniform_normal_boots":2,"jujutsucraft:uniform_normal_chestplate":2},"minecraft:killed_by":{"jujutsucraft:curse_user":1,"jujutsucraft:cursed_spirit_grade_311":1,"minecraft:player":9,"jujutsucraft:nue":1,"jujutsucraft:negi_toshihisa":2},"minecraft:mined":{"minecraft:grass":3,"minecraft:grass_block":2,"minecraft:dirt":2,"minecraft:blue_stained_glass":2},"minecraft:used":{"jujutsucraft:uniform_normal_leggings":2,"jujutsucraft:uniform_normal_boots":3,"jujutsucraft:uniform_normal_chestplate":3},"minecraft:custom":{"minecraft:time_since_rest":2737,"minecraft:crouch_one_cm":744,"minecraft:play_time":40853,"minecraft:sprint_one_cm":552550,"minecraft:walk_one_cm":227306,"minecraft:damage_taken":5492,"minecraft:deaths":15,"minecraft:sneak_time":84,"minecraft:mob_kills":61,"minecraft:damage_dealt_resisted":32785,"minecraft:jump":707,"minecraft:damage_dealt":5330,"minecraft:time_since_death":2706,"minecraft:climb_one_cm":1624,"minecraft:total_world_time":40853,"minecraft:damage_resisted":5770,"minecraft:fall_one_cm":28664,"minecraft:fly_one_cm":384339,"minecraft:player_kills":3}},"DataVersion":3465}