{"stats":{"minecraft:killed":{"jujutsucraft:rabbit_escape":38,"jujutsucraft:round_deer":1,"jujutsucraft:cursed_spirit_grade_33":1,"jujutsucraft:cursed_spirit_grade_318":1},"minecraft:picked_up":{"jujutsucraft:uniform_normal_leggings":1,"jujutsucraft:uniform_normal_boots":2,"jujutsucraft:uniform_normal_chestplate":2},"minecraft:killed_by":{"minecraft:player":2,"jujutsucraft:nue":1},"minecraft:mined":{"minecraft:grass":2,"minecraft:grass_block":2,"minecraft:dirt":2},"minecraft:used":{"jujutsucraft:uniform_normal_leggings":2,"jujutsucraft:uniform_normal_boots":2,"jujutsucraft:uniform_normal_chestplate":3},"minecraft:custom":{"minecraft:time_since_rest":2024,"minecraft:crouch_one_cm":744,"minecraft:play_time":16853,"minecraft:sprint_one_cm":210260,"minecraft:walk_one_cm":132991,"minecraft:damage_taken":1244,"minecraft:deaths":4,"minecraft:sneak_time":84,"minecraft:mob_kills":41,"minecraft:damage_dealt_resisted":1660,"minecraft:jump":337,"minecraft:damage_dealt":196,"minecraft:time_since_death":1997,"minecraft:climb_one_cm":118,"minecraft:total_world_time":16853,"minecraft:fall_one_cm":9822,"minecraft:fly_one_cm":152038,"minecraft:player_kills":1}},"DataVersion":3465}