{"stats":{"minecraft:mined":{"minecraft:seagrass":1,"minecraft:coarse_dirt":1,"minecraft:grass":3,"minecraft:red_sand":1,"minecraft:dead_bush":2,"minecraft:sand":15,"minecraft:oak_leaves":2},"minecraft:killed":{"jujutsucraft:mimiko":1,"jujutsucraft:cursed_spirit_grade_32":1,"jujutsucraft:cursed_spirit_grade_39":1,"jujutsucraft:cursed_spirit_grade_31":1,"jujutsucraft:cursed_spirit_grade_33":4,"jujutsucraft:cursed_spirit_grade_314":3,"jujutsucraft:stevenson_screen":1,"jujutsucraft:crow":1,"jujutsucraft:cursed_spirit_grade_311":1,"jujutsucraft:cursed_spirit_grade_317":1,"jujutsucraft:cursed_spirit_grade_315":2,"jujutsucraft:cursed_spirit_grade_318":1,"jujutsucraft:cursed_spirit_grade_34":1,"jujutsucraft:cursed_spirit_grade_319":1},"minecraft:used":{"minecraft:grass_block":8,"minecraft:chest":1,"jujutsucraft:uniform_normal_boots":1,"minecraft:sand":2,"jujutsucraft:gavel_big":8,"jujutsucraft:uniform_normal_leggings":1,"jujutsucraft:uniform_normal_chestplate":1},"minecraft:picked_up":{"minecraft:stick":2,"automobility:automobile_engine":1,"jujutsucraft:cursed_technique_changer":60,"minecraft:sand":5,"automobility:automobile_frame":1,"automobility:automobile_wheel":4,"automobility:automobile":1,"jujutsucraft:knife":1,"minecraft:wheat_seeds":1,"minecraft:stone_pickaxe":1},"minecraft:dropped":{"jujutsucraft:cursed_technique_changer":68,"automobility:automobile":4},"minecraft:custom":{"minecraft:time_since_rest":892,"minecraft:sprint_one_cm":360229,"minecraft:damage_taken":8630,"minecraft:walk_one_cm":305039,"minecraft:mob_kills":22,"minecraft:drop":9,"minecraft:damage_dealt":380,"minecraft:swim_one_cm":17029,"minecraft:fly_one_cm":388839,"minecraft:open_chest":6,"minecraft:crouch_one_cm":4564,"minecraft:play_time":57283,"minecraft:deaths":23,"minecraft:sneak_time":1578,"minecraft:walk_under_water_one_cm":19111,"minecraft:jump":943,"minecraft:damage_dealt_resisted":1675,"minecraft:leave_game":1,"minecraft:walk_on_water_one_cm":7881,"minecraft:time_since_death":881,"minecraft:total_world_time":57283,"minecraft:fall_one_cm":26307},"minecraft:killed_by":{"jujutsucraft:curse_user_1":1,"jujutsucraft:yoshino_junpei":1,"jujutsucraft:cursed_spirit_grade_36":1,"jujutsucraft:transfigured_human_3":1,"jujutsucraft:cursed_spirit_grade_19":1,"minecraft:player":5,"jujutsucraft:cursed_spirit_grade_312":1,"jujutsucraft:kukuru":1,"jujutsucraft:cursed_spirit_grade_314":1,"jujutsucraft:negi_toshihisa":2,"jujutsucraft:nishimiya_momo":1,"jujutsucraft:cursed_spirit_grade_315":2,"jujutsucraft:cursed_spirit_grade_17":1,"jujutsucraft:eso":1,"jujutsucraft:cursed_spirit_grade_34":1,"jujutsucraft:cursed_spirit_grade_31":1,"jujutsucraft:cursed_spirit_grade_32":1}},"DataVersion":3465}