{
  "jujutsucraft:jujutsu_craft_skills": {
    "criteria": {
      "jujutsu_craft_skills_0": "2024-07-22 01:53:13 +0000"
    },
    "done": true
  },
  "jujutsucraft:skill_divine_dog_totality": {
    "criteria": {
      "skill_divine_dog_totality_0": "2024-07-22 01:53:13 +0000"
    },
    "done": true
  },
  "vs_eureka:recipes/balloon_color": {
    "criteria": {
      "has_red_balloon": "2024-07-22 01:53:13 +0000",
      "has_black_balloon": "2024-07-22 01:53:13 +0000",
      "has_lime_balloon": "2024-07-22 01:53:13 +0000",
      "has_cyan_balloon": "2024-07-22 01:53:13 +0000",
      "has_light_blue_balloon": "2024-07-22 01:53:13 +0000",
      "has_gray_balloon": "2024-07-22 01:53:13 +0000",
      "has_pink_balloon": "2024-07-22 01:53:13 +0000",
      "has_light_gray_balloon": "2024-07-22 01:53:13 +0000",
      "has_white_balloon": "2024-07-22 01:53:13 +0000",
      "has_blue_balloon": "2024-07-22 01:53:13 +0000",
      "has_yellow_balloon": "2024-07-22 01:53:13 +0000",
      "has_purple_balloon": "2024-07-22 01:53:13 +0000",
      "has_orange_balloon": "2024-07-22 01:53:13 +0000",
      "has_brown_balloon": "2024-07-22 01:53:13 +0000",
      "has_green_balloon": "2024-07-22 01:53:13 +0000",
      "has_magenta_balloon": "2024-07-22 01:53:13 +0000"
    },
    "done": true
  },
  "jujutsucraft:advancement_insect": {
    "criteria": {
      "advancement_insect_0": "2024-07-22 01:54:19 +0000"
    },
    "done": true
  },
  "minecraft:recipes/decorations/crafting_table": {
    "criteria": {
      "unlock_right_away": "2024-07-22 01:53:13 +0000"
    },
    "done": true
  },
  "vs_eureka:recipes/balloon_leather": {
    "criteria": {
      "has_leather": "2024-07-22 01:53:13 +0000"
    },
    "done": true
  },
  "jujutsucraft:skill_merged_beast_agito": {
    "criteria": {
      "skill_merged_beast_agito_0": "2024-07-22 01:53:13 +0000"
    },
    "done": true
  },
  "jujutsucraft:battle_advancements": {
    "criteria": {
      "battle_advancements_0": "2024-07-22 01:53:13 +0000"
    },
    "done": true
  },
  "jujutsucraft:start_jujutsu_craft": {
    "criteria": {
      "start_jujutsu_craft_0": "2024-07-22 01:53:13 +0000"
    },
    "done": true
  },
  "vs_eureka:recipes/ship_helm": {
    "criteria": {
      "has_gold": "2024-07-22 01:53:13 +0000"
    },
    "done": true
  },
  "minecraft:adventure/adventuring_time": {
    "criteria": {
      "minecraft:wooded_badlands": "2024-07-22 01:53:14 +0000"
    },
    "done": false
  },
  "vs_eureka:recipes/balloon_paper": {
    "criteria": {
      "has_paper": "2024-07-22 01:53:13 +0000"
    },
    "done": true
  },
  "jujutsucraft:update": {
    "criteria": {
      "update_0": "2024-07-22 01:54:55 +0000"
    },
    "done": true
  },
  "vs_eureka:recipes/balloon_membrane": {
    "criteria": {
      "has_membrane": "2024-07-22 01:53:13 +0000"
    },
    "done": true
  },
  "DataVersion": 3465
}