{
  "jujutsucraft:jujutsu_craft_skills": {
    "criteria": {
      "jujutsu_craft_skills_0": "2024-07-20 20:04:37 +0000"
    },
    "done": true
  },
  "jujutsucraft:skill_divine_dog_totality": {
    "criteria": {
      "skill_divine_dog_totality_0": "2024-07-20 20:04:37 +0000"
    },
    "done": true
  },
  "minecraft:husbandry/tame_an_animal": {
    "criteria": {
      "tamed_animal": "2024-07-20 20:17:53 +0000"
    },
    "done": true
  },
  "vs_eureka:recipes/balloon_color": {
    "criteria": {
      "has_red_balloon": "2024-07-20 20:04:37 +0000",
      "has_black_balloon": "2024-07-20 20:04:37 +0000",
      "has_lime_balloon": "2024-07-20 20:04:37 +0000",
      "has_cyan_balloon": "2024-07-20 20:04:37 +0000",
      "has_light_blue_balloon": "2024-07-20 20:04:37 +0000",
      "has_gray_balloon": "2024-07-20 20:04:37 +0000",
      "has_pink_balloon": "2024-07-20 20:04:37 +0000",
      "has_light_gray_balloon": "2024-07-20 20:04:37 +0000",
      "has_white_balloon": "2024-07-20 20:04:37 +0000",
      "has_blue_balloon": "2024-07-20 20:04:37 +0000",
      "has_yellow_balloon": "2024-07-20 20:04:37 +0000",
      "has_purple_balloon": "2024-07-20 20:04:37 +0000",
      "has_orange_balloon": "2024-07-20 20:04:37 +0000",
      "has_brown_balloon": "2024-07-20 20:04:37 +0000",
      "has_green_balloon": "2024-07-20 20:04:37 +0000",
      "has_magenta_balloon": "2024-07-20 20:04:37 +0000"
    },
    "done": true
  },
  "jujutsucraft:skill_black_bird_manipulation": {
    "criteria": {
      "skill_black_bird_manipulation_0": "2024-07-20 20:17:45 +0000"
    },
    "done": true
  },
  "jujutsucraft:advancement_insect": {
    "criteria": {
      "advancement_insect_0": "2024-07-20 20:12:27 +0000"
    },
    "done": true
  },
  "jujutsucraft:skill_ten_shadows_technique": {
    "criteria": {
      "skill_ten_shadows_technique_0": "2024-07-20 20:08:17 +0000"
    },
    "done": true
  },
  "minecraft:recipes/decorations/crafting_table": {
    "criteria": {
      "unlock_right_away": "2024-07-20 20:04:37 +0000"
    },
    "done": true
  },
  "minecraft:recipes/decorations/chest": {
    "criteria": {
      "has_lots_of_items": "2024-07-20 20:07:09 +0000"
    },
    "done": true
  },
  "vs_eureka:recipes/balloon_leather": {
    "criteria": {
      "has_leather": "2024-07-20 20:04:37 +0000"
    },
    "done": true
  },
  "jujutsucraft:skill_merged_beast_agito": {
    "criteria": {
      "skill_merged_beast_agito_0": "2024-07-20 20:04:37 +0000"
    },
    "done": true
  },
  "jujutsucraft:battle_advancements": {
    "criteria": {
      "battle_advancements_0": "2024-07-20 20:04:37 +0000"
    },
    "done": true
  },
  "minecraft:adventure/root": {
    "criteria": {
      "killed_by_something": "2024-07-20 20:05:17 +0000"
    },
    "done": true
  },
  "minecraft:adventure/kill_all_mobs": {
    "criteria": {
      "minecraft:pillager": "2024-07-20 20:17:23 +0000"
    },
    "done": false
  },
  "jujutsucraft:skill_divine_dogs": {
    "criteria": {
      "skill_divine_dogs_0": "2024-07-20 20:08:17 +0000"
    },
    "done": true
  },
  "jujutsucraft:start_jujutsu_craft": {
    "criteria": {
      "start_jujutsu_craft_0": "2024-07-20 20:04:37 +0000"
    },
    "done": true
  },
  "vs_eureka:recipes/ship_helm": {
    "criteria": {
      "has_gold": "2024-07-20 20:04:37 +0000"
    },
    "done": true
  },
  "minecraft:adventure/kill_a_mob": {
    "criteria": {
      "minecraft:pillager": "2024-07-20 20:17:23 +0000"
    },
    "done": true
  },
  "minecraft:adventure/adventuring_time": {
    "criteria": {
      "minecraft:eroded_badlands": "2024-07-20 20:04:38 +0000",
      "minecraft:desert": "2024-07-20 20:05:25 +0000"
    },
    "done": false
  },
  "vs_eureka:recipes/balloon_paper": {
    "criteria": {
      "has_paper": "2024-07-20 20:04:37 +0000"
    },
    "done": true
  },
  "jujutsucraft:skill_rabbit_escape": {
    "criteria": {
      "skill_rabbit_escape_0": "2024-07-20 20:10:49 +0000"
    },
    "done": true
  },
  "jujutsucraft:update": {
    "criteria": {
      "update_0": "2024-07-20 20:17:53 +0000"
    },
    "done": true
  },
  "jujutsucraft:skill_naoya": {
    "criteria": {
      "skill_naoya_0": "2024-07-20 20:17:53 +0000"
    },
    "done": true
  },
  "vs_eureka:recipes/balloon_membrane": {
    "criteria": {
      "has_membrane": "2024-07-20 20:04:37 +0000"
    },
    "done": true
  },
  "DataVersion": 3465
}