{
  "jujutsucraft:jujutsu_craft_skills": {
    "criteria": {
      "jujutsu_craft_skills_0": "2024-07-21 01:23:30 +0000"
    },
    "done": true
  },
  "jujutsucraft:skill_divine_dog_totality": {
    "criteria": {
      "skill_divine_dog_totality_0": "2024-07-21 01:23:30 +0000"
    },
    "done": true
  },
  "vs_eureka:recipes/balloon_color": {
    "criteria": {
      "has_red_balloon": "2024-07-21 01:23:30 +0000",
      "has_black_balloon": "2024-07-21 01:23:30 +0000",
      "has_lime_balloon": "2024-07-21 01:23:30 +0000",
      "has_cyan_balloon": "2024-07-21 01:23:30 +0000",
      "has_light_blue_balloon": "2024-07-21 01:23:30 +0000",
      "has_gray_balloon": "2024-07-21 01:23:30 +0000",
      "has_pink_balloon": "2024-07-21 01:23:30 +0000",
      "has_light_gray_balloon": "2024-07-21 01:23:30 +0000",
      "has_white_balloon": "2024-07-21 01:23:30 +0000",
      "has_blue_balloon": "2024-07-21 01:23:30 +0000",
      "has_yellow_balloon": "2024-07-21 01:23:30 +0000",
      "has_purple_balloon": "2024-07-21 01:23:30 +0000",
      "has_orange_balloon": "2024-07-21 01:23:30 +0000",
      "has_brown_balloon": "2024-07-21 01:23:30 +0000",
      "has_green_balloon": "2024-07-21 01:23:30 +0000",
      "has_magenta_balloon": "2024-07-21 01:23:30 +0000"
    },
    "done": true
  },
  "jujutsucraft:advancement_insect": {
    "criteria": {
      "advancement_insect_0": "2024-07-21 01:23:48 +0000"
    },
    "done": true
  },
  "jujutsucraft:skill_ten_shadows_technique": {
    "criteria": {
      "skill_ten_shadows_technique_0": "2024-07-21 01:25:55 +0000"
    },
    "done": true
  },
  "minecraft:recipes/decorations/crafting_table": {
    "criteria": {
      "unlock_right_away": "2024-07-21 01:23:30 +0000"
    },
    "done": true
  },
  "vs_eureka:recipes/balloon_leather": {
    "criteria": {
      "has_leather": "2024-07-21 01:23:30 +0000"
    },
    "done": true
  },
  "jujutsucraft:skill_merged_beast_agito": {
    "criteria": {
      "skill_merged_beast_agito_0": "2024-07-21 01:23:30 +0000"
    },
    "done": true
  },
  "jujutsucraft:battle_advancements": {
    "criteria": {
      "battle_advancements_0": "2024-07-21 01:23:30 +0000"
    },
    "done": true
  },
  "minecraft:adventure/root": {
    "criteria": {
      "killed_something": "2024-07-21 01:29:27 +0000"
    },
    "done": true
  },
  "jujutsucraft:skill_divine_dogs": {
    "criteria": {
      "skill_divine_dogs_0": "2024-07-21 01:25:55 +0000"
    },
    "done": true
  },
  "jujutsucraft:start_jujutsu_craft": {
    "criteria": {
      "start_jujutsu_craft_0": "2024-07-21 01:23:30 +0000"
    },
    "done": true
  },
  "vs_eureka:recipes/ship_helm": {
    "criteria": {
      "has_gold": "2024-07-21 01:23:30 +0000"
    },
    "done": true
  },
  "minecraft:adventure/adventuring_time": {
    "criteria": {
      "minecraft:beach": "2024-07-21 01:29:39 +0000",
      "minecraft:ocean": "2024-07-21 01:34:50 +0000",
      "minecraft:plains": "2024-07-21 01:23:32 +0000"
    },
    "done": false
  },
  "jujutsucraft:skill_round_deer": {
    "criteria": {
      "skill_round_deer_0": "2024-07-21 01:35:14 +0000"
    },
    "done": true
  },
  "vs_eureka:recipes/balloon_paper": {
    "criteria": {
      "has_paper": "2024-07-21 01:23:30 +0000"
    },
    "done": true
  },
  "jujutsucraft:skill_rabbit_escape": {
    "criteria": {
      "skill_rabbit_escape_0": "2024-07-21 01:30:32 +0000"
    },
    "done": true
  },
  "jujutsucraft:update": {
    "criteria": {
      "update_0": "2024-07-21 01:35:59 +0000"
    },
    "done": true
  },
  "jujutsucraft:fame_3": {
    "criteria": {
      "fame_3_0": "2024-07-21 01:34:32 +0000"
    },
    "done": true
  },
  "jujutsucraft:fame_4": {
    "criteria": {
      "fame_4_0": "2024-07-21 01:32:31 +0000"
    },
    "done": true
  },
  "vs_eureka:recipes/balloon_membrane": {
    "criteria": {
      "has_membrane": "2024-07-21 01:23:30 +0000"
    },
    "done": true
  },
  "DataVersion": 3465
}